programID,Active Listening,Adaptability,Administrative Expert,Advising,Budgeting,Cash Flow Management,Coaching,Communication,Conflict management,Coordination,Creativity,Critical thinking,Database,Decision-making,Decision-Making,Deductive Resoning,Depth Perception Speech Clarity,Detail-Oriented,Documentation,Electronic Presentation,E-mail Management,HRIS Knowledge,Leadership,Logistics,Needs Analysis,Openness to criticism,Operation Monitoring,Organizational,Persuasion,Proactivity,Problem-solving,Problem-solving,Recruitment and Selection,Reporting,Resourcefulness,Risk Analysis,Safe Operation,Spill Response,Spreadsheets,Statistical Analysis,Stress management,Teamwork,Teamwork,Time management,TWIC,Vessel Maintenance,Web Navigation,Word Processing
1,0,1,0,1,0,1,1,1,0,0,0,1,0,1,1,0,0,0,0,1,0,1,0,0,1,1,1,0,0,1,0,0,0,1,1,1,1,0,0,1,0,1,0,1,1,0,,
2,0,0,0,1,1,1,1,0,1,1,0,0,1,0,1,0,0,0,1,0,0,1,1,1,0,0,1,1,0,1,0,1,0,0,0,0,1,1,0,1,1,1,1,0,0,1,,
3,1,0,0,0,1,0,1,0,1,1,1,0,0,1,1,1,1,0,1,0,1,1,0,0,0,1,1,0,0,0,1,0,1,0,0,1,0,0,0,1,1,0,1,1,0,0,,
4,0,0,1,0,0,1,0,0,0,0,1,1,1,1,1,0,1,0,1,0,1,1,0,1,1,0,0,0,0,1,1,0,1,0,1,1,1,1,1,1,1,0,0,0,0,0,,
5,1,1,0,1,0,1,1,0,0,1,0,0,0,1,0,1,0,1,0,1,0,0,0,0,1,1,1,1,0,1,0,1,1,1,1,1,0,0,0,1,0,1,0,1,1,1,,
6,1,1,0,1,1,1,0,0,0,1,1,0,0,1,1,1,0,1,1,1,0,1,1,1,0,1,1,1,1,0,0,0,0,0,0,0,1,1,0,0,1,1,0,0,0,0,,
7,1,0,0,1,0,0,0,0,1,1,1,0,0,1,0,0,0,0,1,1,0,1,0,0,0,0,0,0,1,0,0,1,0,0,0,1,0,1,0,0,1,0,0,0,1,0,,
8,0,0,1,0,0,0,0,1,0,0,0,0,0,0,1,0,1,1,1,1,1,1,1,1,0,1,0,1,1,1,0,1,0,1,1,0,1,0,1,1,1,0,1,0,1,1,,
9,0,1,0,1,0,0,1,0,1,0,0,1,1,0,1,1,0,1,0,0,0,1,1,0,0,1,0,1,1,0,1,0,0,0,0,0,1,0,0,0,1,1,0,0,1,1,,
10,1,1,0,0,1,1,0,0,0,1,1,0,1,0,1,0,0,1,1,1,1,1,1,1,0,1,1,0,0,1,0,1,1,0,0,1,0,1,0,0,1,1,1,1,1,1,,
11,1,0,1,1,0,1,1,0,0,1,0,0,1,0,0,1,0,1,1,1,1,0,1,0,1,1,0,0,1,1,0,1,0,1,1,0,1,1,1,1,1,0,0,1,0,0,,
12,1,0,1,0,0,0,0,0,1,0,1,0,0,1,0,1,1,0,1,0,0,1,0,1,1,0,0,1,1,0,0,1,1,0,0,0,0,0,1,0,1,0,1,0,1,1,,
13,1,1,0,1,1,1,0,1,1,0,1,1,0,0,1,0,1,0,0,1,0,1,1,0,0,1,0,1,1,1,0,0,0,1,0,0,0,1,0,1,1,0,1,1,0,1,,
14,1,0,1,1,1,0,1,1,1,1,1,0,1,0,0,1,1,1,1,1,1,0,0,0,0,0,0,0,0,1,1,0,0,1,1,1,1,1,0,0,1,1,0,1,0,1,,
15,1,0,0,0,0,1,1,1,1,1,1,0,1,1,0,0,0,0,1,0,1,0,0,0,1,0,0,0,0,0,0,0,0,1,1,1,1,1,1,0,0,1,0,0,0,1,,
16,0,0,1,0,0,1,1,0,0,0,1,1,1,1,0,1,1,0,0,1,0,0,0,0,0,0,0,0,0,1,1,1,0,1,0,0,0,1,1,0,1,0,1,1,0,1,,
17,1,0,1,1,1,1,1,0,1,0,0,0,0,1,1,1,1,1,0,0,0,0,1,1,0,1,0,0,1,0,0,0,0,1,0,0,1,1,1,0,0,0,1,0,0,1,,
18,1,0,1,0,0,0,0,1,1,0,0,1,1,0,1,0,0,0,0,0,1,1,1,0,0,0,0,0,0,0,0,0,0,1,1,0,0,1,0,0,0,0,0,1,0,0,,
19,1,0,0,0,0,1,1,0,1,1,0,1,0,0,1,1,0,1,1,0,0,0,1,1,0,0,0,0,0,0,0,0,0,1,0,1,0,0,1,1,1,0,1,0,0,0,,
20,0,1,0,1,1,1,1,1,0,1,0,1,1,1,1,1,0,1,0,1,1,0,0,1,0,0,1,0,1,1,1,1,1,0,1,0,0,1,1,0,1,0,1,1,1,1,,
21,0,0,1,0,1,1,1,0,1,1,0,0,1,0,0,0,1,1,1,0,1,0,0,1,0,0,1,1,0,1,0,1,0,1,1,1,1,0,1,0,0,0,0,0,0,1,,
22,1,0,0,0,1,1,0,1,0,0,0,1,1,0,1,0,1,1,1,1,0,1,0,0,1,0,1,1,0,0,0,1,0,0,1,1,1,0,1,0,1,0,1,1,0,0,,
23,0,0,1,1,0,0,1,1,0,1,0,0,1,1,0,0,0,0,0,0,1,1,1,1,0,0,0,1,1,1,1,1,0,0,0,1,0,1,1,0,1,0,1,0,1,0,,
24,1,0,1,0,0,0,0,0,1,1,0,1,0,0,1,0,0,1,0,1,0,1,1,1,1,0,0,0,0,1,0,1,0,0,0,0,0,0,1,1,1,0,1,0,1,0,,
25,0,1,1,0,0,0,1,1,0,0,1,0,1,1,0,1,0,1,0,1,0,0,1,1,1,1,0,1,0,0,1,1,0,0,0,1,0,0,0,1,0,0,1,1,0,0,,
26,1,1,1,0,0,1,1,1,0,0,1,1,0,0,0,0,1,1,0,1,0,1,1,0,0,1,1,0,0,1,0,0,1,1,0,1,0,1,1,1,0,0,1,0,1,1,,
27,0,0,0,1,1,1,1,1,1,1,1,1,1,0,0,0,1,0,1,0,0,0,1,0,1,0,1,0,1,1,0,0,1,1,1,1,0,0,0,0,0,1,1,1,0,1,,
28,0,0,0,1,0,0,0,1,0,0,1,1,1,0,1,1,1,1,1,0,0,0,0,1,0,0,0,1,1,0,0,1,0,0,1,0,0,0,1,0,1,0,0,0,1,1,,
29,1,1,0,1,0,0,1,1,1,1,1,1,1,0,0,1,1,0,0,1,0,0,1,0,0,0,0,1,0,0,1,1,1,1,0,1,1,1,1,1,0,1,0,0,0,0,,
30,0,0,0,1,0,0,0,0,0,1,0,0,1,0,0,1,0,1,1,0,1,0,1,1,0,0,1,1,0,1,0,1,0,1,1,1,1,0,1,1,1,0,1,0,1,0,,
31,0,1,1,1,0,0,1,1,1,0,1,0,1,0,0,1,1,0,0,0,0,1,0,1,1,1,1,1,0,1,0,1,1,1,1,0,0,1,0,0,1,0,1,1,1,1,,
32,0,1,0,1,1,0,1,0,0,0,0,1,1,0,0,1,1,1,0,1,0,0,0,0,1,0,1,1,0,0,0,1,1,1,1,0,1,1,1,0,1,1,1,1,0,1,,
33,0,0,0,1,1,1,1,1,0,1,0,1,0,0,1,1,1,1,0,0,0,0,0,1,1,0,0,1,1,0,1,0,0,0,0,1,1,1,1,1,1,0,1,1,1,0,,
34,0,1,1,0,1,0,0,0,1,0,1,0,1,1,0,1,1,0,0,0,1,0,0,1,1,0,1,0,0,0,0,0,1,1,1,0,1,1,1,1,0,0,1,0,1,0,,
35,0,0,0,0,1,1,1,1,1,1,0,1,1,0,1,1,1,1,0,1,1,1,1,1,1,0,1,0,0,1,1,0,0,1,0,0,1,1,0,0,1,1,1,0,1,1,,
36,1,0,1,1,1,0,0,1,0,1,0,0,0,0,1,0,1,1,0,1,1,1,1,0,1,1,0,1,1,0,0,0,0,0,1,0,1,1,1,1,1,0,0,0,0,1,,
37,1,0,1,1,0,0,0,1,0,1,0,1,1,1,0,1,1,1,1,1,0,0,1,1,0,1,1,1,0,1,1,0,0,0,1,0,0,0,1,1,0,0,1,0,0,1,,
38,0,0,1,0,1,0,1,1,1,1,1,1,1,0,1,0,1,1,0,0,1,1,1,0,1,0,1,0,0,0,0,0,0,0,0,1,0,0,1,1,0,0,0,0,0,1,,
39,0,1,1,1,0,1,1,0,0,1,0,0,1,0,0,1,0,1,0,0,1,0,0,1,0,0,1,1,0,0,0,1,0,0,1,1,0,1,1,0,1,1,1,1,1,1,,
40,1,0,1,0,0,0,0,0,0,0,1,1,0,1,1,1,1,1,0,0,1,0,0,0,0,0,0,1,0,1,1,0,0,1,0,0,1,1,1,1,1,0,0,0,1,1,,
41,0,1,0,0,1,1,1,0,0,1,1,1,0,1,0,1,1,1,1,0,1,1,1,0,1,0,0,0,0,0,0,0,1,0,0,1,1,0,0,0,1,1,1,1,0,1,,
42,1,0,1,0,1,1,1,0,0,0,1,1,0,0,0,0,0,0,1,1,1,0,1,1,0,0,0,1,0,0,0,0,0,0,1,0,1,1,1,0,1,1,1,0,0,1,,
43,1,0,0,0,0,1,1,1,0,1,1,1,0,0,0,0,0,0,0,1,1,0,0,0,0,1,0,1,1,0,0,0,1,1,0,0,0,1,1,0,0,1,1,1,1,0,,
44,0,0,0,0,1,1,1,0,0,1,1,0,0,1,1,0,0,0,0,0,1,0,0,0,0,0,1,1,1,1,1,1,1,0,0,0,1,1,1,0,0,0,1,0,1,0,,
45,1,1,0,0,1,0,1,1,0,0,1,0,1,0,0,1,0,1,1,0,0,1,0,1,0,0,0,1,0,1,1,0,1,0,0,0,1,1,0,0,0,0,1,1,1,1,,
46,0,1,0,1,1,1,0,1,1,0,1,1,1,1,0,0,0,0,1,1,1,1,1,1,1,1,1,1,1,1,0,1,0,0,0,1,0,0,1,1,1,0,1,1,0,1,,
47,0,1,0,0,0,1,1,1,1,1,0,0,0,0,0,1,1,0,0,0,1,0,1,0,0,0,1,1,0,1,0,0,0,0,1,0,1,1,0,1,1,1,0,1,1,1,,
48,1,1,0,1,1,1,0,0,1,1,1,1,0,0,1,0,1,0,0,0,0,1,1,0,1,1,1,0,0,1,0,1,0,0,0,1,1,0,1,0,1,0,0,1,1,0,,
49,0,1,0,0,0,1,1,1,1,0,0,0,1,1,1,1,1,0,0,1,0,1,0,0,0,1,0,0,0,1,1,0,0,1,1,1,0,0,1,1,0,1,0,1,1,0,,
50,0,0,0,0,1,0,1,1,1,1,1,1,0,1,1,0,1,1,0,1,1,1,1,1,0,0,0,0,1,0,0,0,0,1,1,0,0,0,0,0,1,0,0,1,0,0,,
51,1,1,0,1,0,0,0,0,0,1,1,1,1,1,1,1,1,0,1,0,0,0,0,0,0,0,1,0,1,1,1,0,1,0,0,1,1,1,1,0,0,1,0,1,0,0,,
52,0,1,1,0,0,0,1,0,1,0,1,0,1,1,0,1,1,1,1,0,0,1,1,1,0,1,0,0,0,0,1,0,1,0,1,1,1,0,0,1,1,1,0,1,1,0,,
53,1,1,0,1,0,0,0,1,0,1,0,0,0,1,0,0,1,0,0,1,1,1,0,1,0,1,0,0,1,1,1,0,1,0,0,1,1,0,1,1,1,0,0,0,1,1,,
54,1,0,0,1,0,0,1,1,1,0,1,1,1,0,1,1,0,0,0,0,1,1,0,0,1,1,0,1,0,0,0,0,1,1,0,0,0,1,0,1,1,0,0,1,0,1,,
55,1,1,1,0,1,0,0,1,1,0,1,1,0,0,1,0,1,0,1,1,1,1,0,0,1,1,1,1,0,1,1,0,1,1,0,0,0,1,0,1,1,1,0,1,1,0,,
56,1,1,0,0,0,1,1,1,0,0,1,0,1,0,1,1,1,1,1,0,0,1,0,1,1,0,0,1,0,0,1,1,1,1,1,0,1,0,1,0,1,1,0,0,0,1,,
57,1,0,0,1,0,0,0,1,0,0,0,1,1,0,1,0,1,0,0,0,1,1,0,1,1,0,1,1,1,0,1,0,1,0,1,0,1,0,0,1,1,0,1,1,0,1,,
58,1,0,0,1,0,0,1,1,1,1,0,0,1,0,1,1,0,0,0,1,0,0,1,1,0,0,0,0,0,0,1,0,0,0,0,1,0,1,1,1,0,1,1,0,0,1,,
59,1,0,1,0,1,0,0,0,0,0,0,1,1,0,1,1,0,0,1,1,1,0,1,1,0,0,1,0,1,1,1,0,1,0,1,1,0,0,0,0,1,1,0,1,0,0,,
60,1,1,0,0,0,0,0,0,1,0,0,1,1,1,0,1,1,1,1,0,0,1,1,0,0,0,0,0,0,1,0,1,0,1,0,1,0,1,1,0,0,1,1,0,1,0,,
61,0,1,1,0,0,1,1,1,1,0,1,1,1,0,0,1,0,0,1,0,0,0,0,1,1,1,0,1,0,0,1,1,0,1,0,0,1,0,0,0,1,0,1,0,1,1,,
62,1,1,1,0,1,0,0,1,1,1,0,1,0,0,1,0,1,0,0,0,1,1,0,0,1,1,1,1,0,0,1,0,1,1,0,1,1,0,0,1,1,0,1,1,0,0,,
63,0,0,1,1,1,0,1,0,0,1,1,0,0,1,1,1,0,1,1,1,1,1,0,1,1,1,0,1,1,0,0,1,1,0,1,1,0,1,0,0,1,0,1,1,0,1,,
64,0,1,0,1,1,0,0,1,0,0,0,1,0,0,0,1,0,1,0,0,0,0,0,0,0,0,0,1,1,0,1,0,0,0,0,1,1,0,0,1,0,0,1,0,0,1,,
65,0,1,0,1,1,1,0,1,0,0,0,0,1,0,1,0,0,1,1,0,1,0,1,0,1,0,0,0,0,0,1,1,1,0,0,0,1,0,0,0,1,0,1,1,1,0,,
66,1,0,1,1,0,0,0,0,1,1,1,0,1,0,1,0,0,1,1,0,1,0,1,1,0,0,0,0,1,1,1,0,0,0,0,1,1,0,1,1,1,1,1,1,1,0,,
67,1,0,0,1,0,1,0,0,0,1,0,1,1,0,1,0,1,0,1,1,0,0,0,0,1,1,0,1,1,0,1,0,0,1,1,0,0,1,0,0,1,0,0,1,1,0,,
68,0,1,0,1,1,1,0,1,0,1,1,1,1,1,1,1,0,0,1,1,0,1,0,0,0,1,0,1,0,1,1,0,1,1,0,0,1,1,0,1,1,1,1,1,1,1,,
69,1,1,1,1,1,0,0,1,1,0,1,1,0,1,1,0,0,0,1,0,1,0,1,0,1,0,1,1,1,0,1,0,0,0,0,0,1,0,0,0,1,0,1,1,1,1,,
70,0,1,0,1,0,0,1,1,0,0,1,1,0,1,1,1,0,0,0,0,0,1,0,0,0,0,1,0,1,1,0,1,0,0,1,0,1,1,0,1,0,1,1,1,0,0,,
71,0,1,1,1,0,1,1,0,0,0,0,1,0,0,1,1,1,1,1,0,0,0,1,0,0,1,1,0,1,1,0,0,1,0,0,1,1,1,0,0,1,1,0,0,1,0,,
72,0,1,0,0,0,0,1,1,0,0,0,0,1,0,1,0,0,1,0,0,0,1,1,1,1,1,0,0,0,0,0,1,0,1,0,0,0,1,0,0,1,1,1,0,0,0,,
73,1,1,0,1,1,1,1,1,0,0,1,1,0,1,1,1,1,1,1,1,0,0,0,1,1,1,0,0,1,0,1,1,1,0,0,0,1,1,0,1,1,1,1,1,1,0,,
74,0,1,0,0,0,0,0,0,0,1,0,1,1,0,0,1,1,1,1,1,0,0,0,1,0,1,0,1,0,1,0,0,0,1,1,1,1,1,0,1,0,0,0,0,1,0,,
75,1,0,0,1,0,0,1,1,1,0,1,1,1,0,0,0,0,0,1,1,0,0,0,0,1,1,0,0,1,1,1,0,0,0,1,1,1,1,1,1,0,0,1,1,0,1,,
76,0,1,1,0,1,0,0,1,0,0,0,0,1,1,1,1,1,1,1,0,0,1,1,1,0,1,0,1,0,0,1,1,1,0,1,0,1,0,1,0,0,0,1,0,1,1,,
77,1,0,1,1,1,1,0,1,1,0,1,0,0,0,0,0,1,0,1,0,0,0,1,1,0,0,0,0,0,1,1,0,1,1,0,1,0,0,0,1,1,1,1,1,1,1,,
78,1,0,0,0,0,0,1,1,1,1,1,0,0,0,1,1,0,0,0,0,1,1,1,1,1,1,1,0,0,0,0,1,0,1,1,0,0,0,1,1,0,1,1,0,1,1,,
79,0,1,0,1,0,0,0,1,1,1,0,0,1,1,1,0,0,0,1,0,1,0,1,1,1,1,0,1,0,1,1,0,1,0,1,0,1,0,0,1,1,0,1,0,1,1,,
80,0,0,0,0,0,0,0,0,1,0,0,0,1,1,0,0,0,0,1,1,0,0,1,1,1,1,1,0,1,1,1,0,0,0,0,0,0,0,1,1,0,1,0,0,1,0,,
81,0,1,1,1,1,1,0,1,1,0,0,0,0,1,1,0,1,1,1,1,1,0,1,0,0,0,0,0,1,0,1,0,1,1,1,1,0,0,1,1,0,0,0,0,1,1,,
82,0,1,0,0,1,1,1,0,0,1,0,0,0,1,0,0,1,1,0,1,0,0,0,1,1,0,0,0,0,1,1,1,0,1,0,0,1,0,0,0,0,0,0,1,1,1,,
83,0,0,0,0,0,1,0,0,1,1,1,1,1,1,0,0,1,1,1,0,0,0,0,0,1,1,0,1,1,1,0,1,1,0,0,0,0,1,0,1,1,0,1,1,0,0,,
84,0,0,1,1,1,0,1,0,1,1,0,1,0,0,1,1,0,0,1,0,1,0,1,1,0,1,1,1,1,0,0,0,0,0,0,1,1,0,0,0,1,0,0,0,0,0,,
85,0,0,0,0,1,0,0,0,0,1,1,1,0,0,1,0,0,0,0,0,0,0,1,1,0,0,0,0,0,0,1,0,0,1,0,1,0,1,0,1,0,0,0,1,0,1,,
86,1,0,0,1,1,1,1,1,0,1,1,1,0,0,0,1,1,1,1,0,0,1,0,0,1,1,1,0,1,1,0,1,0,1,1,0,0,1,1,1,0,0,0,0,0,1,,
87,1,0,1,0,0,1,0,1,1,1,1,0,0,0,1,1,0,0,0,1,0,1,0,1,1,1,1,1,1,0,0,0,1,1,0,0,0,0,1,1,0,1,1,1,1,1,,
88,0,0,1,1,1,0,1,0,1,0,1,1,0,0,1,0,0,1,1,0,1,1,1,1,0,0,1,0,1,0,1,0,1,0,1,0,0,1,1,0,0,1,0,1,0,1,,
89,1,1,1,1,0,1,1,0,1,1,0,0,1,1,0,1,1,0,1,1,0,0,1,0,1,0,1,0,0,0,0,0,0,0,0,0,1,0,0,1,0,0,0,1,0,0,,
90,0,0,1,0,1,1,0,1,0,0,0,1,0,0,0,0,1,0,1,1,1,1,1,0,1,1,1,0,0,0,1,0,1,0,1,1,1,0,0,1,1,1,1,0,0,1,,
91,0,0,1,0,1,1,1,1,1,1,1,1,0,1,0,1,0,1,0,1,0,0,1,0,0,1,1,0,1,0,1,1,1,1,0,1,1,0,0,0,1,1,1,0,1,0,,
92,0,1,1,0,0,1,1,1,0,0,1,0,0,0,0,1,0,1,1,0,0,1,1,1,0,0,1,1,0,1,1,0,1,0,0,1,1,0,0,1,1,0,1,0,0,0,,
93,1,0,1,1,1,0,1,1,1,1,0,1,1,1,0,0,0,0,0,0,1,1,0,0,1,0,1,0,0,1,0,0,0,0,1,1,1,0,1,1,0,0,0,0,1,1,,
94,1,0,0,1,1,0,1,1,1,0,0,0,1,1,0,1,0,1,1,0,0,0,0,0,0,0,1,1,1,0,1,1,1,0,0,0,0,1,1,1,1,0,1,0,0,1,,
95,1,0,0,1,0,1,0,0,0,0,1,1,1,1,1,1,0,1,1,0,0,0,0,1,1,0,0,1,0,1,0,0,0,0,1,1,1,1,1,0,1,1,1,0,1,1,,
96,0,0,1,0,1,1,1,1,0,0,0,0,1,0,1,0,1,0,1,1,0,1,0,0,1,0,1,0,1,1,0,1,0,1,1,0,1,0,1,1,0,1,1,1,0,1,,
97,1,0,0,1,1,1,1,0,0,1,1,0,1,1,0,1,0,0,1,1,0,1,0,0,1,0,0,1,0,1,1,0,0,0,0,1,1,1,1,1,1,0,0,0,0,1,,
98,1,1,1,1,1,0,0,0,0,0,1,1,1,0,0,0,0,0,1,1,0,0,0,0,0,0,1,1,1,1,1,1,0,0,0,0,1,1,1,0,0,1,0,1,1,1,,
99,0,0,0,0,0,0,0,1,0,1,1,0,1,0,0,0,0,1,1,0,1,0,1,1,0,1,0,1,1,0,0,0,0,1,0,0,0,1,1,1,0,0,1,0,0,1,,
100,0,1,1,1,1,0,1,1,1,0,1,0,0,0,0,1,0,0,1,0,1,1,0,0,1,1,0,0,0,1,1,1,1,1,0,1,0,0,1,0,1,1,1,1,0,0,,
101,1,1,0,1,1,1,1,0,0,0,1,1,1,0,0,1,0,0,0,1,0,1,0,1,0,1,0,0,1,0,0,1,1,0,1,0,1,1,0,1,1,1,1,1,1,1,,
102,0,1,1,1,1,0,0,0,1,1,0,0,0,0,1,1,0,1,1,0,1,0,0,1,0,1,0,0,0,0,1,1,1,1,0,1,1,1,1,1,1,0,1,1,0,0,,
103,0,1,0,1,1,1,1,1,0,0,1,1,0,0,1,0,1,0,1,1,1,0,0,1,1,1,1,0,0,0,1,0,0,0,1,0,0,0,0,0,1,0,1,1,0,0,,
104,0,1,0,0,0,0,0,0,0,0,0,1,0,0,0,0,0,1,1,0,1,1,0,0,0,0,1,0,1,0,0,1,1,0,0,1,0,1,1,1,0,1,1,0,0,0,,
105,0,1,1,0,1,1,1,0,1,1,1,1,1,1,0,0,1,1,1,1,1,0,0,0,1,1,0,1,1,1,1,1,0,0,1,1,1,1,0,1,0,1,0,1,0,1,,
106,0,0,1,0,0,1,0,1,0,1,0,1,0,1,1,1,1,0,0,0,0,1,1,0,0,0,1,1,0,0,1,1,1,0,1,1,0,0,0,1,0,1,1,0,0,1,,
107,1,0,1,0,0,0,0,0,1,1,0,0,1,0,0,1,1,0,0,1,0,1,0,1,1,0,0,0,0,0,0,1,1,0,0,0,1,1,0,1,0,1,1,1,1,0,,
108,0,1,1,0,0,0,0,0,0,1,0,0,1,1,1,0,1,1,0,1,0,1,1,1,1,0,1,0,1,0,0,0,1,1,0,0,0,1,1,0,0,1,1,1,1,0,,
109,0,0,1,0,1,0,1,1,1,0,0,0,0,1,1,1,0,0,0,1,1,0,0,1,0,1,0,0,0,1,1,0,1,0,0,0,1,0,1,0,1,0,0,1,0,1,,
110,0,0,0,0,0,0,0,0,0,1,0,0,1,0,1,0,1,1,0,0,1,1,1,1,1,1,0,1,1,0,1,0,1,0,1,1,0,1,1,0,0,0,0,0,0,0,,
111,1,1,0,1,0,1,0,0,1,0,1,0,0,1,0,1,1,1,0,0,0,0,1,0,0,1,0,1,0,1,0,1,1,1,1,0,0,1,0,0,0,1,0,0,1,0,,
112,0,1,0,1,1,0,0,1,1,1,1,1,1,0,0,0,1,0,0,0,1,1,0,1,1,1,1,1,0,0,0,1,1,1,0,0,1,0,1,1,1,1,1,0,1,0,,
113,0,1,0,1,0,0,0,1,0,0,0,0,0,1,0,0,0,1,0,1,1,0,0,1,0,1,0,0,0,0,0,0,1,1,1,1,1,0,1,1,1,1,0,0,0,0,,
114,0,1,0,1,1,1,1,0,1,0,0,1,0,0,0,0,0,0,1,1,0,0,0,1,0,0,1,0,1,0,1,1,1,1,1,1,0,0,0,0,0,0,1,0,0,0,,
115,0,1,1,1,1,1,1,0,0,0,0,1,0,1,1,0,1,0,1,0,1,1,1,0,1,1,1,1,1,0,0,1,1,1,0,1,0,0,1,0,1,1,0,0,1,1,,
116,1,0,1,0,1,0,1,0,1,1,0,0,1,1,0,1,0,0,0,1,1,1,1,0,0,1,1,1,1,1,1,0,1,0,0,0,0,0,0,1,0,1,1,1,1,1,,
117,0,1,1,0,0,1,1,0,0,0,1,1,1,0,0,1,1,0,0,1,1,0,0,1,0,0,1,1,1,1,0,0,0,0,0,0,1,0,1,0,0,0,0,0,1,1,,
118,0,0,1,1,1,0,0,0,1,0,0,1,1,0,1,0,0,1,1,1,0,1,0,0,0,0,0,0,0,1,0,0,1,1,1,0,1,1,0,0,1,0,0,1,0,0,,
119,1,0,1,0,1,0,1,1,0,1,1,0,0,1,0,0,1,0,0,0,1,1,0,1,1,0,0,1,0,1,1,1,1,0,0,0,0,0,1,1,1,1,0,1,1,0,,
120,1,1,0,1,0,0,1,0,0,0,1,0,0,0,1,1,1,0,0,1,0,1,0,1,1,1,1,1,1,0,0,0,0,1,1,0,1,0,1,1,1,1,0,1,0,1,,
121,1,0,0,0,0,1,0,0,0,0,0,0,1,1,1,0,0,0,1,1,0,1,0,1,0,1,1,0,0,1,1,0,1,1,1,0,0,1,1,1,0,1,1,0,1,1,,
122,1,0,1,0,0,1,0,0,0,1,1,1,0,0,0,0,0,1,0,1,0,1,0,1,0,1,1,1,1,0,1,0,0,1,1,0,0,1,1,1,0,1,1,1,0,1,,
123,0,0,1,1,1,1,1,0,1,0,0,1,1,1,1,0,1,0,0,1,0,0,1,0,0,0,1,0,0,1,1,0,0,1,0,0,1,0,0,1,1,1,1,1,1,1,,
124,0,0,0,1,0,0,1,1,0,0,0,0,1,0,0,1,1,1,1,1,1,1,0,0,1,1,0,1,1,0,1,1,0,0,1,0,0,1,1,0,0,0,1,1,1,0,,
125,0,1,0,0,1,1,0,1,0,1,1,1,0,0,1,1,1,1,1,0,1,0,1,0,1,0,1,0,1,0,1,1,0,0,0,1,1,0,1,0,1,1,0,0,1,1,,
126,0,0,0,0,1,0,0,1,1,1,0,0,1,1,1,1,1,0,1,0,0,0,1,1,0,1,0,1,0,1,0,0,1,1,1,1,1,1,1,1,0,0,1,0,1,1,,
127,1,1,1,0,0,0,0,0,1,1,1,1,1,0,1,1,0,0,0,1,0,1,1,1,1,1,0,1,1,0,1,0,1,1,0,0,0,1,1,0,0,0,1,1,0,0,,
128,0,0,0,1,1,1,0,1,0,1,1,0,1,1,0,1,0,0,1,1,0,0,0,1,1,0,1,1,1,1,0,0,0,1,1,0,1,0,1,0,0,1,0,0,0,1,,
129,0,0,0,1,0,0,0,0,0,0,0,1,0,0,0,0,1,1,1,1,0,1,0,0,0,1,1,1,1,0,1,1,0,0,1,1,1,0,1,0,1,0,1,1,0,0,,
130,1,0,1,0,0,1,0,0,1,1,0,1,1,0,1,1,1,1,1,1,0,0,1,1,0,0,1,0,0,1,0,1,0,0,0,1,0,1,1,0,0,0,0,0,0,1,,
131,1,0,0,1,0,1,0,0,1,1,1,0,0,0,1,0,1,1,1,0,0,1,1,1,0,0,0,0,1,0,0,1,0,1,0,1,0,1,1,0,1,1,1,0,1,0,,
132,0,1,1,0,1,1,0,0,1,1,0,0,0,1,0,0,1,1,0,1,1,0,1,1,1,0,0,0,1,1,1,1,1,1,0,1,1,0,1,1,0,1,0,0,1,0,,
133,0,0,1,1,1,0,0,0,1,1,1,0,1,1,1,0,0,1,1,0,1,1,0,0,1,1,0,1,1,0,1,1,1,1,1,0,1,1,0,0,1,1,1,0,1,0,,
134,1,1,0,1,1,1,1,0,1,0,0,1,0,1,0,1,0,1,1,1,1,1,0,1,0,0,0,1,1,1,1,0,1,0,0,0,1,1,0,1,0,0,1,0,0,0,,
135,1,0,1,1,0,0,0,1,1,1,0,1,0,1,0,1,1,1,0,0,0,0,1,0,0,1,1,0,0,0,0,1,1,0,0,1,0,0,0,1,1,0,0,0,1,0,,
136,1,1,0,0,1,1,1,1,1,1,0,1,0,1,0,1,0,0,0,1,0,1,0,1,1,0,0,0,0,0,1,0,0,0,0,0,1,1,1,1,0,0,1,1,0,1,,
137,1,0,1,0,0,0,0,0,0,0,0,0,0,0,1,0,1,1,1,1,0,0,1,0,0,0,0,0,1,1,0,0,1,1,0,0,1,0,1,1,1,1,1,0,0,0,,
138,1,0,0,1,1,0,1,0,0,0,0,1,0,1,1,1,0,1,1,0,1,1,1,0,1,0,0,0,0,0,1,0,0,0,0,1,1,0,1,1,0,0,1,0,0,0,,
139,1,1,1,1,1,0,0,1,1,1,0,1,1,1,0,1,1,0,0,1,1,1,0,1,1,1,0,1,0,0,1,1,1,1,1,0,1,0,0,1,0,1,1,0,1,1,,
140,1,0,0,0,0,0,0,1,1,1,0,0,0,0,1,1,1,0,1,1,1,0,0,0,0,1,0,0,1,0,0,0,0,1,0,1,1,1,1,1,1,0,1,0,1,0,,
141,0,1,1,1,1,0,0,1,1,0,0,1,0,1,1,0,0,0,0,1,1,1,0,0,0,0,1,1,0,1,1,0,1,0,0,1,1,1,0,1,1,0,0,1,1,0,,
142,0,1,0,0,0,1,1,0,1,1,1,1,1,1,0,0,0,1,0,1,0,0,0,1,0,1,0,1,0,0,0,0,0,1,0,0,1,1,1,0,0,0,1,0,1,1,,
143,1,1,1,0,1,0,1,1,0,0,1,1,0,1,1,1,0,1,1,1,1,0,1,0,1,1,1,1,1,1,0,1,0,0,0,1,1,1,0,1,0,0,1,1,0,1,,
144,1,0,1,0,0,0,0,1,1,0,0,0,1,1,1,0,1,0,0,1,0,1,1,0,1,0,0,1,0,0,0,0,0,0,1,1,1,0,0,0,1,1,1,1,1,1,,
145,0,0,1,0,1,0,0,1,0,0,0,1,1,1,0,1,0,0,0,1,0,0,1,1,0,1,1,0,1,1,1,1,0,1,1,0,0,1,1,0,1,0,0,0,1,0,,
146,1,1,1,0,0,1,0,1,0,1,0,0,1,0,0,0,1,0,0,0,1,0,0,0,0,0,0,0,1,0,0,1,0,1,1,1,1,0,1,1,1,0,1,0,0,1,,
147,1,0,1,1,0,0,1,1,1,0,1,0,1,0,0,0,0,1,0,1,1,1,0,0,0,0,0,0,0,1,0,0,1,0,0,1,0,0,0,1,0,1,1,1,1,1,,
148,0,1,1,0,0,1,1,1,0,0,1,0,0,1,0,1,0,1,1,0,0,1,0,1,0,0,1,0,0,1,0,1,1,0,1,1,1,1,0,0,0,1,1,1,1,1,,
149,1,0,1,1,0,1,1,1,1,1,0,0,1,1,1,0,0,1,1,0,0,1,1,1,0,0,1,1,0,1,0,1,0,1,1,1,1,1,1,1,1,1,1,1,1,0,,
150,1,1,1,1,1,1,0,1,0,1,1,0,0,1,0,0,0,0,1,0,1,0,0,0,0,1,0,0,1,0,0,1,0,1,0,0,0,0,1,0,0,0,0,0,1,1,,
151,1,1,1,0,0,1,1,1,1,0,0,0,1,1,1,1,1,1,0,0,0,1,1,0,0,1,0,1,0,1,1,0,1,1,1,0,0,0,1,0,0,1,1,0,0,1,,
152,0,0,1,0,1,0,0,0,0,0,1,0,1,0,0,1,1,0,1,1,0,1,1,0,0,1,1,1,1,1,0,1,1,1,1,0,0,1,0,1,1,0,1,1,0,1,,
153,0,0,0,1,0,1,1,1,0,0,1,1,0,1,1,1,1,1,1,1,1,1,0,0,1,1,1,0,0,1,0,0,0,0,0,1,1,0,0,0,1,1,0,1,0,1,,
154,1,1,1,1,0,0,1,1,1,1,0,0,1,1,0,0,0,1,1,0,0,1,0,1,0,1,0,1,0,1,1,0,1,1,0,0,1,0,0,0,0,0,0,0,1,0,,
155,0,0,1,0,1,0,0,1,0,1,0,0,1,0,0,0,1,1,0,0,1,1,0,1,0,0,1,1,1,0,0,1,1,1,0,1,0,1,0,1,1,0,0,1,0,0,,
156,0,0,1,0,1,0,1,1,1,0,1,1,1,1,1,1,0,0,0,0,1,0,0,1,1,0,1,0,0,1,1,0,1,1,1,1,0,1,0,0,1,0,1,1,0,1,,
157,1,0,1,0,0,1,0,0,1,1,0,0,0,1,1,0,0,1,0,0,1,1,0,1,0,0,0,1,0,1,1,1,1,0,1,1,0,0,0,0,1,1,1,1,1,1,,
158,0,1,0,1,1,1,1,0,1,0,0,1,0,0,0,0,0,0,1,0,0,1,1,0,1,1,0,1,1,0,0,0,0,0,0,0,0,0,1,0,1,0,1,0,0,1,,
159,0,1,1,1,1,1,1,0,0,1,0,0,0,1,1,0,1,0,1,1,1,1,1,1,0,0,1,0,1,0,0,1,0,1,1,1,1,0,1,1,0,0,1,0,1,1,,
160,1,1,1,1,0,0,1,1,1,0,1,1,1,0,1,0,0,0,1,1,0,0,1,1,1,0,0,0,0,0,0,1,0,1,0,1,0,0,1,1,1,1,0,0,1,1,,
161,1,1,1,1,0,1,0,0,0,0,1,1,1,0,1,0,0,1,1,0,0,1,0,0,1,1,0,1,1,1,1,0,1,1,1,1,1,0,0,0,1,0,0,1,1,1,,
162,0,0,1,1,1,0,1,1,0,0,0,0,0,0,0,1,1,0,0,0,0,0,0,1,1,0,0,1,1,0,1,0,0,1,1,0,1,0,1,1,0,1,0,1,0,1,,
163,1,0,1,0,1,0,0,1,0,0,1,0,0,1,0,0,0,1,0,1,1,0,1,0,0,0,1,1,0,0,0,0,0,1,0,0,1,1,0,0,0,0,1,1,0,1,,
164,1,0,1,0,1,0,1,0,1,0,1,1,0,0,1,1,1,0,0,0,0,0,0,1,0,1,1,0,1,1,1,0,0,0,0,1,1,1,0,0,1,0,0,1,1,1,,
165,0,0,0,1,1,1,0,0,1,0,0,1,1,0,1,0,1,0,1,1,0,1,1,0,0,0,1,0,1,1,1,0,1,0,1,0,0,1,1,0,1,1,0,1,1,0,,
166,1,0,0,0,0,1,1,1,0,0,0,1,0,1,1,1,0,0,0,0,1,0,1,1,0,0,0,0,1,0,0,1,0,0,1,1,0,0,0,1,0,1,0,1,1,1,,
167,0,0,0,1,0,0,0,0,1,1,0,0,1,1,0,0,0,0,1,0,0,0,1,0,1,0,0,1,1,0,0,0,1,1,0,1,1,0,1,0,1,0,1,0,0,0,,
168,1,1,0,0,0,1,1,1,0,1,0,1,0,1,0,1,0,1,0,0,1,1,1,1,0,0,1,0,1,0,1,1,0,1,1,1,1,0,1,1,1,0,1,0,1,1,,
169,0,0,1,0,1,0,0,1,1,0,1,1,0,0,0,1,1,0,1,0,1,1,1,0,1,1,0,0,0,0,0,1,0,0,0,0,1,0,0,0,1,0,1,0,0,1,,
170,1,1,0,1,1,1,0,1,0,0,0,0,1,0,0,0,0,1,0,0,0,0,1,1,0,0,0,0,1,0,1,0,1,0,0,1,0,1,0,1,0,0,0,1,1,0,,
171,0,1,1,0,1,0,0,1,1,1,1,0,0,1,1,0,0,1,0,0,0,1,1,0,0,1,1,0,1,0,0,0,1,1,0,1,1,0,0,0,0,0,1,0,1,0,,
172,0,0,0,0,1,0,0,0,0,1,1,1,1,0,0,1,1,0,1,0,0,1,0,0,0,1,0,1,0,0,0,0,1,1,1,0,0,0,1,0,1,0,0,1,1,1,,
173,0,1,1,0,1,1,1,0,0,0,1,0,1,0,0,1,1,0,0,1,0,0,1,1,0,0,0,1,1,1,1,1,0,0,0,0,0,1,1,1,0,1,1,1,1,1,,
174,1,1,1,0,0,0,0,1,1,0,0,0,0,1,1,1,1,1,1,1,1,1,1,0,0,1,1,1,1,1,0,0,0,1,0,1,0,0,0,0,0,0,1,1,1,0,,
175,0,1,1,1,1,0,1,1,0,1,0,1,0,0,1,1,1,1,0,0,0,0,0,1,1,0,0,0,0,0,1,1,1,1,1,0,0,0,1,0,0,1,1,1,1,1,,
176,0,1,1,1,0,0,0,1,0,0,0,1,0,0,1,0,1,1,1,0,0,0,0,1,0,0,0,0,1,1,1,1,1,1,1,0,0,0,0,1,0,1,1,1,0,0,,
177,0,0,1,1,1,0,1,1,1,0,1,0,0,1,0,0,1,0,1,0,0,0,1,1,0,0,0,1,1,1,0,1,0,0,1,0,0,1,0,0,0,0,1,1,1,0,,
178,1,0,1,0,0,1,0,0,0,0,0,0,1,1,1,1,1,1,0,1,1,0,1,1,1,0,0,1,1,1,1,1,0,0,0,0,0,0,0,1,0,1,1,0,0,0,,
179,1,0,1,1,1,0,1,1,0,0,1,0,1,1,1,0,1,0,1,1,0,1,0,1,0,1,0,0,0,0,1,1,0,0,0,1,1,0,1,1,1,1,1,0,1,0,,
180,1,1,1,1,0,1,0,1,1,1,1,1,1,0,0,1,1,0,1,1,1,0,1,0,1,1,1,1,1,1,0,1,1,1,0,0,1,0,0,0,1,0,0,1,1,0,,
181,1,0,1,1,0,0,1,1,1,0,0,1,0,1,0,0,1,0,0,0,1,1,0,0,0,0,0,0,0,0,0,1,1,0,1,0,1,0,0,0,1,1,1,0,1,1,,
182,0,1,1,0,0,0,0,1,0,0,0,1,0,1,1,1,1,1,0,0,0,1,1,0,1,0,1,0,1,1,0,1,0,1,0,0,0,1,1,0,0,0,1,1,1,0,,
183,0,1,1,1,1,1,1,0,1,0,1,1,0,1,0,0,0,0,1,0,0,0,0,0,1,1,0,0,1,1,0,0,0,1,1,0,0,0,1,1,1,1,1,1,0,0,,
184,1,1,1,1,1,0,0,1,1,0,1,1,1,1,1,0,0,1,1,1,0,0,1,0,0,1,1,0,0,0,0,0,0,1,1,0,1,1,0,0,0,1,1,1,0,0,,
185,0,0,1,0,0,0,0,1,1,1,0,1,1,0,1,0,1,0,1,1,1,1,0,1,0,0,1,0,1,1,0,1,0,0,0,0,0,0,1,1,0,1,0,1,0,0,,
186,1,0,0,0,1,1,1,0,1,1,1,1,1,0,0,1,0,0,1,1,0,1,1,1,0,1,1,0,0,1,0,0,1,1,1,0,1,0,0,0,1,0,0,1,1,1,,
187,0,1,0,1,0,0,0,1,0,0,1,1,1,1,1,0,1,0,1,0,1,0,1,1,1,1,1,0,1,0,0,0,1,1,1,1,1,0,1,1,0,1,1,0,1,1,,
188,1,1,1,1,0,0,0,1,0,0,0,1,1,1,1,0,0,1,0,1,0,1,1,0,1,0,1,1,0,1,0,0,1,1,0,0,1,0,0,0,1,1,1,0,0,1,,
189,0,0,0,0,1,0,0,0,1,1,0,0,0,1,1,1,1,0,0,1,1,1,1,1,1,1,0,1,0,0,1,0,1,0,1,1,0,1,0,0,0,0,1,0,0,0,,
190,0,0,1,0,1,1,0,0,0,0,1,0,0,0,0,1,0,0,1,0,1,0,1,0,0,0,0,0,0,0,0,0,0,1,0,0,0,1,0,1,0,1,0,1,1,1,,
191,0,0,1,1,1,1,0,1,0,0,1,1,0,1,1,0,0,0,0,0,0,1,1,0,1,0,0,1,1,1,0,0,1,1,0,1,1,0,0,1,1,0,0,0,1,1,,
192,1,0,0,1,1,0,1,1,0,0,0,0,0,1,0,1,0,0,1,0,0,1,0,1,0,0,1,0,0,0,0,1,1,0,0,1,0,0,1,0,1,1,0,0,0,1,,
193,1,1,0,0,1,0,1,1,0,0,1,0,0,1,1,0,0,0,0,0,0,1,1,1,0,1,1,1,1,0,1,1,0,0,0,0,0,1,1,0,0,0,0,1,1,1,,
194,0,1,0,0,1,0,0,0,0,1,0,0,0,1,0,1,1,0,1,1,0,1,0,0,0,1,0,0,1,0,0,1,1,0,1,0,1,1,0,1,0,0,0,0,1,1,,
195,1,0,1,0,1,1,1,1,0,1,1,1,0,0,0,1,1,0,0,0,0,0,1,0,1,0,0,0,0,1,1,0,0,0,1,0,1,1,0,1,0,1,0,0,1,0,,
196,0,0,0,0,0,1,0,0,0,1,1,0,0,1,1,0,0,0,1,1,0,0,0,1,1,0,1,1,1,1,0,0,1,1,1,0,0,1,1,1,1,1,0,1,1,0,,
197,0,1,0,0,1,1,1,1,0,1,1,0,0,1,0,0,1,0,0,1,1,1,1,0,1,1,0,0,0,0,1,1,1,1,0,1,1,0,0,1,1,1,0,1,0,0,,
198,0,1,0,0,0,0,1,0,1,0,0,1,1,0,1,0,0,1,0,0,1,0,0,1,1,1,0,0,0,1,1,1,1,0,1,1,1,1,0,0,0,0,1,1,0,0,,
199,0,1,0,0,0,1,1,1,1,0,1,1,1,1,0,1,1,0,0,1,1,0,1,1,1,1,1,0,1,1,0,0,1,1,0,0,0,1,1,0,1,0,0,1,1,0,,
200,1,1,0,0,1,1,0,0,0,0,1,1,0,1,0,1,1,1,0,0,0,1,0,0,0,1,0,1,0,0,1,1,1,0,1,0,0,1,1,1,1,1,0,0,0,0,,
201,0,1,0,1,0,1,0,1,0,1,1,0,1,1,0,0,0,0,1,0,0,1,1,0,1,0,1,1,1,1,0,1,1,1,1,1,1,1,0,1,0,0,1,0,1,0,,
202,0,0,1,0,1,0,1,1,0,0,1,0,1,1,1,0,0,1,1,0,0,0,0,1,0,1,1,1,0,0,1,0,0,0,0,0,0,0,0,0,1,1,0,1,0,1,,
203,0,0,0,1,0,0,0,0,1,0,0,0,1,0,1,0,0,0,0,0,0,1,0,1,0,1,1,0,0,1,1,0,1,1,1,1,1,1,1,1,0,0,0,1,0,0,,
204,1,1,0,1,0,0,1,0,0,1,1,0,0,1,0,0,0,1,1,1,0,1,0,0,1,0,0,0,0,0,1,0,1,0,0,0,1,0,0,1,1,0,1,0,1,1,,
205,1,1,1,1,0,0,0,1,0,1,0,1,0,0,1,0,1,1,1,1,1,1,0,0,0,1,1,1,0,1,0,1,1,1,0,1,0,0,0,1,0,0,0,1,1,1,,
206,0,0,1,0,1,1,1,1,1,0,1,1,1,0,1,0,1,1,1,1,0,0,1,1,0,1,1,1,1,0,1,0,1,0,0,1,1,1,1,1,0,1,1,1,1,0,,
207,0,1,1,1,1,0,1,0,1,0,0,1,1,0,0,1,1,0,0,1,0,1,0,0,0,1,0,1,0,1,0,0,0,0,0,1,0,0,0,0,1,1,1,0,0,1,,
208,0,0,1,0,1,1,0,0,0,0,1,1,0,0,1,0,1,1,1,1,1,1,0,0,0,1,1,0,1,0,1,1,0,1,0,0,1,1,1,0,1,1,0,0,1,1,,
209,1,0,1,0,0,0,1,0,1,1,0,0,1,0,0,0,1,1,1,1,1,1,1,0,0,1,1,0,0,0,1,0,0,0,0,0,0,0,1,1,0,0,0,1,0,0,,
210,1,1,0,0,1,1,1,0,0,0,1,0,1,1,1,1,1,1,1,1,0,0,1,0,1,1,0,1,0,0,1,1,0,0,0,1,0,1,1,1,0,0,0,0,1,1,,
211,0,0,0,0,1,1,0,0,0,1,0,0,0,0,1,0,1,0,1,0,0,0,0,1,0,0,1,1,0,0,1,1,1,1,0,0,0,0,0,0,1,1,0,0,0,1,,
212,0,1,1,1,0,0,0,1,1,0,1,1,0,0,1,0,0,1,0,1,1,0,0,1,1,1,0,1,0,1,0,0,1,1,0,1,1,0,1,1,1,0,0,0,0,0,,
213,1,1,1,1,1,1,1,1,0,1,1,0,0,0,0,0,0,0,0,0,0,1,0,0,0,0,0,1,0,0,0,1,0,1,0,0,1,0,1,1,0,0,0,1,0,1,,
214,1,0,1,0,0,0,1,1,0,0,0,1,0,0,1,0,0,1,0,0,0,1,1,1,0,1,0,0,1,0,1,1,1,1,0,0,1,1,1,0,1,1,1,0,1,0,,
215,0,0,0,0,1,1,1,0,0,0,0,0,0,1,0,0,0,0,1,1,0,0,0,1,0,1,1,0,0,0,0,0,0,1,1,1,1,1,1,0,0,1,0,0,1,0,,
216,1,0,1,1,0,1,1,0,0,1,1,0,1,1,1,1,0,1,0,1,1,0,1,0,1,0,1,0,1,1,1,0,0,1,1,0,0,1,0,0,0,0,0,0,0,1,,
217,0,1,0,1,0,0,1,1,0,1,1,1,1,1,0,0,1,1,1,0,1,1,0,0,1,1,0,0,0,0,1,0,1,1,0,1,1,1,1,1,1,0,1,1,1,0,,
218,0,0,0,1,0,1,0,0,1,0,1,0,0,0,0,1,0,1,0,0,1,1,0,0,1,0,0,1,0,0,0,0,0,0,0,0,1,1,1,0,0,1,0,0,0,0,,
219,0,1,0,0,1,1,0,0,0,0,0,0,0,0,1,1,1,0,0,0,0,1,1,1,0,1,0,1,1,0,1,0,0,1,1,0,1,0,0,0,1,0,1,1,1,1,,
220,0,0,0,1,1,0,1,1,0,1,1,1,1,1,0,0,1,1,0,1,0,1,0,1,0,1,0,1,1,0,1,1,1,1,1,1,1,1,0,0,0,0,0,0,0,1,,
221,1,1,0,0,0,0,0,0,0,0,1,1,1,0,1,0,1,1,0,1,0,1,0,1,0,1,0,0,1,1,0,0,1,0,1,1,1,0,0,0,1,1,0,1,1,0,,
222,0,1,0,1,1,0,1,0,1,1,0,1,1,1,0,1,0,0,1,1,0,0,0,0,1,0,0,0,0,0,0,1,1,0,0,0,0,0,0,1,1,1,0,1,1,0,,
223,0,1,1,0,0,0,1,0,0,1,1,1,0,1,0,1,1,0,1,1,1,0,1,0,1,0,1,1,1,0,1,1,1,0,0,1,1,1,0,1,0,1,0,1,0,1,,
224,0,0,1,0,0,0,0,1,1,1,0,1,1,0,0,1,1,1,0,1,1,1,1,1,1,0,0,0,0,1,1,1,1,1,0,1,0,0,1,0,0,1,1,1,1,0,,
225,1,0,1,0,1,1,0,0,1,1,1,1,1,0,1,0,0,1,1,0,1,1,0,1,1,0,0,1,1,0,1,1,0,1,0,0,0,1,0,0,0,1,1,1,0,0,,
226,0,0,0,0,1,1,0,1,0,1,0,0,1,1,0,1,0,1,1,0,1,1,1,0,0,0,0,0,1,0,0,1,0,1,0,0,1,1,1,0,1,1,1,1,1,0,,
227,0,1,0,0,1,1,0,1,0,0,0,1,0,0,1,0,1,1,1,1,1,1,1,0,0,0,0,1,0,1,0,1,0,1,1,0,0,1,0,0,1,1,0,0,0,0,,
228,0,1,0,0,1,1,0,0,1,0,0,1,0,0,0,0,0,0,1,0,1,0,1,1,0,1,1,0,0,0,1,1,1,1,0,0,0,0,0,1,1,0,0,0,1,0,,
229,1,1,1,0,1,0,1,1,1,0,0,1,1,1,1,1,0,1,1,1,1,0,1,0,1,0,1,1,1,0,1,1,0,0,1,1,0,0,1,1,0,0,0,0,1,1,,
230,0,1,1,1,0,0,1,0,1,0,0,0,0,0,0,0,1,0,1,0,1,1,0,0,1,0,1,1,0,1,1,1,1,0,1,1,0,1,1,1,0,1,0,0,0,1,,
231,1,0,1,1,0,1,1,0,1,0,0,1,0,0,0,0,1,1,1,0,1,1,0,0,1,1,1,0,1,1,1,0,0,0,0,0,1,0,0,1,1,0,0,0,1,1,,
232,0,0,0,0,1,0,0,1,1,1,0,1,1,1,0,1,0,1,1,0,0,1,0,1,1,1,1,1,1,0,0,0,1,0,0,0,1,1,1,1,1,0,0,0,0,1,,
233,1,0,1,1,1,1,1,0,0,0,1,1,0,1,1,1,1,1,1,0,0,0,0,1,0,1,0,1,1,1,1,0,1,1,0,0,1,1,1,1,0,0,0,1,1,1,,
234,0,1,1,1,0,1,0,1,1,1,1,1,1,1,0,0,1,1,0,1,1,0,1,1,0,0,1,1,1,0,1,1,1,1,1,0,1,1,0,0,1,1,0,1,0,0,,
235,1,0,1,1,0,0,0,1,0,0,0,1,1,1,1,1,1,1,0,1,0,1,0,1,0,0,0,1,1,0,0,1,0,1,0,1,1,1,1,1,0,0,0,1,0,1,,
236,0,1,1,1,0,1,0,0,0,1,0,0,0,1,1,1,1,0,0,1,0,1,1,0,0,1,1,1,1,1,1,0,1,0,0,1,0,1,1,1,0,0,1,1,0,1,,
237,0,1,1,1,1,0,0,0,0,0,0,1,0,1,1,1,0,0,1,0,1,1,0,1,1,0,0,0,1,1,1,0,0,1,1,1,1,0,0,0,1,1,0,1,1,0,,
238,0,1,0,1,1,0,1,0,0,0,0,1,0,0,0,0,1,0,0,0,1,1,1,0,0,1,1,1,0,0,1,1,1,1,0,1,0,1,0,0,0,0,1,1,0,1,,
239,0,1,0,1,0,0,1,0,1,0,1,1,1,1,1,1,0,0,1,0,0,0,1,1,1,0,0,1,1,1,0,0,1,1,0,0,1,1,1,0,0,1,0,1,0,0,,
240,0,1,0,0,0,0,1,1,0,0,0,1,0,1,1,1,0,1,1,0,0,1,0,0,1,0,0,0,1,1,0,1,0,0,1,0,0,0,0,1,0,0,0,1,0,0,,
241,0,0,1,0,1,0,1,1,0,0,0,1,0,0,1,0,0,1,1,1,1,1,1,1,0,1,0,1,1,0,0,0,0,1,1,0,1,1,1,0,0,0,1,0,0,1,,
242,0,0,1,1,0,0,1,1,1,1,0,0,0,1,0,1,1,1,0,1,1,1,1,0,1,1,1,1,0,0,1,0,0,0,1,0,0,1,0,1,1,1,0,0,0,0,,
243,1,1,0,1,0,1,0,1,1,1,1,0,0,0,1,1,0,1,0,1,0,0,0,0,1,0,0,0,0,0,0,1,0,1,0,0,0,1,1,0,1,1,1,0,0,0,,
244,1,1,1,0,0,0,1,0,1,1,1,1,1,0,0,0,0,1,1,0,0,0,1,0,0,1,0,1,1,1,0,0,1,1,1,1,1,0,1,1,0,1,0,0,0,1,,
245,0,1,1,1,0,1,0,1,1,0,1,0,1,1,0,1,0,0,1,0,0,0,0,1,0,1,0,1,1,0,0,0,0,0,0,0,1,1,0,1,1,0,1,1,0,1,,
246,1,1,0,1,0,1,1,0,1,1,1,0,1,0,0,1,0,1,0,1,1,1,1,1,0,0,1,0,0,1,1,0,1,1,0,0,0,0,1,1,1,1,0,1,0,1,,
247,1,0,1,1,1,0,0,0,0,1,1,0,1,1,1,0,0,0,1,0,0,1,1,1,1,0,0,1,1,0,1,1,1,1,0,1,1,1,0,0,1,0,0,0,0,1,,
248,0,1,1,0,1,1,1,1,1,0,0,1,0,1,0,0,1,0,0,0,0,1,1,1,0,1,1,0,0,0,1,0,1,1,0,0,1,0,0,1,0,0,1,1,0,1,,
249,1,0,0,0,0,0,1,0,0,0,1,0,1,0,0,0,1,1,0,0,0,1,0,0,1,1,0,0,0,0,1,1,1,0,0,0,1,0,1,0,1,0,0,0,1,1,,
250,1,0,1,1,0,0,1,1,0,1,1,0,0,0,1,0,0,0,1,0,1,1,0,1,0,1,1,0,1,1,0,0,0,0,1,1,1,0,0,1,0,1,0,1,0,1,,
251,1,1,0,1,1,1,0,0,0,0,0,1,1,0,0,1,1,0,1,1,0,1,1,0,1,0,0,0,1,1,0,0,1,0,0,0,0,1,0,1,0,0,0,1,1,1,,
252,1,0,0,0,1,1,1,0,0,0,0,1,1,1,0,1,1,0,0,0,1,0,1,0,0,0,1,1,0,0,0,0,1,1,1,1,0,1,0,0,1,0,1,0,1,1,,
253,1,0,0,0,0,1,0,1,0,1,1,0,0,0,1,0,1,1,1,1,1,1,1,1,0,1,0,1,0,1,0,1,0,1,1,1,1,0,1,0,0,0,0,0,1,0,,
254,1,1,0,1,1,0,0,1,0,1,0,1,1,0,1,0,1,1,0,0,1,0,0,0,1,1,1,0,1,0,0,0,0,1,1,0,0,0,1,1,1,1,1,0,1,0,,
255,1,0,1,1,0,1,0,1,1,0,0,0,0,1,0,0,0,1,0,0,0,0,1,0,1,1,0,0,1,1,0,1,1,1,0,1,0,0,1,1,0,1,1,0,0,0,,
256,0,1,1,1,0,1,1,1,0,0,1,1,1,0,0,1,0,1,0,0,0,0,0,0,1,0,1,0,1,1,1,0,1,0,0,0,1,1,0,1,0,0,0,1,0,1,,
257,1,1,0,1,1,1,1,0,0,1,0,0,1,0,0,1,1,0,1,1,1,0,0,1,0,0,0,0,0,1,0,1,0,1,1,1,1,1,1,0,0,1,0,0,0,1,,
258,0,1,0,1,0,0,1,1,0,0,1,0,0,0,1,0,0,1,1,1,1,1,1,0,0,1,0,0,1,0,0,1,1,1,0,1,0,1,0,1,1,1,1,1,0,0,,
259,0,0,0,0,1,1,0,1,1,0,1,0,1,0,1,0,0,1,0,0,0,1,0,0,1,1,1,0,1,0,0,0,1,1,0,0,0,0,1,1,1,1,1,1,1,0,,
260,0,0,0,1,0,0,0,1,0,1,1,1,0,1,0,0,1,0,0,1,0,0,1,1,1,0,0,0,1,1,1,1,1,1,1,0,0,1,1,1,0,1,0,1,0,0,,
261,1,1,1,1,1,1,0,0,1,0,1,0,0,0,1,0,0,1,0,1,0,1,0,0,0,1,0,1,0,0,0,1,0,1,1,1,0,1,1,1,1,0,1,0,0,0,,
262,0,1,0,1,1,0,0,0,1,0,1,1,0,0,1,0,1,1,0,1,0,0,1,1,1,0,0,1,1,0,0,1,0,0,0,1,0,0,1,0,0,0,1,0,0,1,,
263,0,0,0,0,0,1,1,1,0,0,1,1,0,0,1,1,1,0,1,0,1,0,0,1,0,1,1,0,0,0,0,0,0,1,1,1,0,0,0,0,1,0,1,0,0,1,,
264,0,1,1,1,1,1,0,1,1,0,0,0,0,0,1,0,1,0,0,0,1,0,1,1,0,1,0,0,0,1,0,1,1,1,1,1,1,1,0,0,0,0,1,0,0,0,,
265,1,0,0,0,0,0,0,0,0,1,1,0,1,0,1,0,0,0,1,1,0,1,1,0,1,0,0,1,0,0,0,0,0,1,0,0,0,1,0,1,0,1,0,1,1,1,,
266,0,0,0,1,1,1,0,0,1,0,1,1,1,0,1,1,1,1,0,0,0,0,1,1,0,1,0,0,1,1,0,0,1,1,1,1,0,1,1,0,1,0,0,0,0,1,,
267,1,0,0,0,0,1,0,1,1,1,1,1,0,0,0,0,1,1,0,0,1,1,0,1,1,0,1,1,1,0,1,0,1,0,1,0,1,1,0,0,1,0,0,1,1,0,,
268,0,0,1,1,1,1,1,1,0,1,0,0,0,0,0,0,0,1,1,1,1,0,0,1,1,1,1,0,0,0,0,1,0,1,0,1,1,0,0,0,0,1,1,1,0,0,,
269,0,0,0,1,1,0,0,1,0,1,0,0,0,1,0,0,1,0,0,0,1,1,1,1,1,1,1,0,0,0,1,0,1,0,0,0,1,0,1,1,0,0,0,1,0,0,,
270,0,0,1,0,0,0,0,0,0,1,0,1,0,1,0,0,1,0,0,0,1,0,1,1,0,0,1,0,0,1,1,1,1,0,0,0,1,0,0,0,0,1,1,0,0,1,,
271,1,1,1,1,0,1,1,0,0,1,1,0,1,1,1,1,1,0,0,0,1,1,0,0,0,0,1,0,1,0,0,1,1,0,0,1,0,1,0,1,0,0,0,0,1,1,,
272,1,0,0,0,0,0,0,1,0,1,0,1,1,0,0,0,0,0,1,1,0,1,1,1,1,0,1,0,0,1,1,0,0,0,0,0,0,0,0,0,1,0,0,0,1,0,,
273,1,1,1,0,1,1,0,1,0,1,1,1,1,0,1,0,1,0,0,0,0,1,1,1,1,0,0,1,0,0,0,0,0,0,0,1,0,0,1,0,1,1,1,0,0,1,,
274,0,0,1,1,0,1,0,1,0,1,0,0,0,0,0,0,1,0,0,1,1,0,1,1,1,1,0,0,0,0,1,0,0,0,0,0,1,1,1,0,1,0,0,1,1,0,,
275,0,1,1,0,1,1,1,0,0,0,1,1,0,0,1,0,0,1,0,0,1,1,1,0,0,1,0,0,1,1,0,1,1,1,0,1,1,1,0,0,1,0,0,1,0,0,,
276,0,1,1,1,1,1,1,1,1,0,0,0,1,0,0,0,1,1,1,0,1,0,0,0,1,0,0,0,0,1,0,1,1,1,0,0,0,1,0,0,1,0,0,1,0,1,,
277,0,0,1,1,1,0,1,0,1,0,1,0,1,0,1,0,1,0,0,1,0,0,1,1,1,0,1,1,0,1,0,0,0,1,1,1,0,0,0,1,1,0,1,1,1,0,,
278,1,1,1,0,0,1,0,0,0,0,1,0,0,0,1,0,0,1,0,1,0,1,0,0,0,1,1,0,1,0,0,0,1,0,0,0,0,1,0,1,0,0,1,1,0,1,,
279,1,0,0,0,0,1,1,0,0,0,1,0,1,1,1,1,1,0,0,0,1,0,1,1,0,0,1,1,1,1,1,1,0,1,1,1,1,0,0,0,0,1,1,1,0,0,,
280,1,0,1,1,1,1,0,0,1,0,0,1,0,0,1,0,0,1,1,1,0,0,0,1,0,1,1,1,1,0,0,1,1,1,0,1,0,1,0,0,0,1,0,1,1,0,,
281,1,1,0,0,0,0,0,1,1,1,0,0,1,0,0,1,0,1,1,1,1,0,1,0,0,1,0,0,0,0,1,1,1,1,0,0,0,1,0,1,1,0,1,0,0,0,,
282,1,1,0,1,1,1,1,1,1,1,1,0,1,1,1,1,1,1,1,0,0,0,0,1,1,0,1,1,1,0,1,1,1,0,1,0,1,1,1,0,0,1,0,0,1,0,,
283,1,0,0,1,0,0,0,0,0,1,0,0,1,1,0,1,1,1,0,1,0,1,1,0,0,0,0,1,0,0,0,0,0,1,1,0,0,0,0,1,0,1,1,0,1,1,,
284,0,0,0,0,1,0,0,0,1,0,1,1,1,0,0,0,0,1,1,0,0,0,0,0,0,0,1,1,0,1,0,1,1,0,1,0,0,0,0,0,0,1,1,0,1,1,,
285,0,0,1,1,1,1,1,0,0,1,0,0,0,1,1,0,0,1,1,1,0,0,1,1,0,0,0,0,0,1,1,0,1,1,1,1,1,1,1,1,1,1,0,1,1,1,,
286,1,0,0,0,0,0,1,1,1,0,1,0,1,0,0,1,1,1,0,0,1,0,1,1,1,0,1,0,1,0,0,1,0,1,0,1,0,0,0,0,0,1,1,0,0,0,,
287,0,1,1,1,1,1,0,1,1,0,1,0,0,1,1,0,1,1,0,1,0,1,1,1,1,0,1,1,1,1,0,0,1,1,1,0,1,0,0,1,0,1,0,0,1,1,,
288,0,1,1,0,0,1,1,1,1,0,1,0,0,0,0,1,0,1,1,1,0,1,1,0,0,0,0,1,0,1,1,1,0,0,0,1,1,1,1,0,0,1,0,0,1,1,,
289,1,1,0,1,0,0,1,0,1,1,1,0,1,0,0,0,1,0,0,0,1,1,0,1,1,0,0,1,0,1,0,0,0,0,1,0,1,1,1,1,0,1,0,1,0,1,,
290,1,0,1,0,0,1,0,1,0,0,0,0,1,1,1,1,0,1,1,0,0,0,0,0,1,0,1,1,0,1,1,0,1,1,0,0,0,1,0,0,1,1,1,1,0,1,,
291,0,0,0,0,0,1,1,1,0,1,0,1,0,0,1,1,0,1,0,0,1,0,0,0,1,1,0,0,0,1,0,1,0,0,0,1,0,1,1,1,1,1,0,0,1,0,,
292,1,1,0,1,0,1,0,0,1,1,0,0,0,0,0,0,1,1,1,1,0,1,1,1,1,0,1,1,0,1,0,1,0,0,1,0,0,1,1,0,1,1,0,1,0,1,,
293,1,1,0,1,1,1,1,1,1,1,0,0,1,0,0,1,0,0,0,0,0,0,1,0,0,0,1,1,1,1,1,0,1,0,0,1,1,1,1,1,0,1,0,0,0,0,,
294,0,1,1,1,0,1,0,1,1,1,0,0,0,0,1,0,0,0,0,1,0,1,1,0,0,1,1,0,1,1,1,0,1,1,0,1,1,1,0,0,1,1,1,0,1,0,,
295,0,1,0,0,1,1,0,1,1,0,0,1,1,0,0,0,0,1,0,0,1,0,1,1,0,0,0,0,1,1,1,1,0,1,0,1,1,0,0,0,0,0,1,0,0,0,,
296,1,0,1,1,0,1,1,0,1,1,1,1,1,0,0,0,1,0,0,0,1,0,1,0,1,0,0,1,1,1,0,0,0,1,0,1,0,0,1,1,0,0,0,0,1,0,,
297,0,1,0,1,0,1,0,0,0,0,0,0,1,0,0,0,0,1,0,1,1,1,1,0,0,1,0,1,0,1,1,0,1,0,1,1,1,1,1,1,0,0,0,0,1,0,,
298,1,0,0,0,1,0,0,0,1,0,0,0,1,1,1,1,0,0,1,1,1,1,1,1,0,1,1,1,0,0,0,1,0,0,1,0,0,0,0,0,1,0,0,1,1,0,,
299,0,1,0,1,1,0,0,1,0,0,1,0,1,0,1,0,0,0,0,1,0,0,1,0,1,0,1,1,1,0,1,0,0,0,1,0,0,1,1,1,0,0,0,0,0,0,,
300,0,0,1,1,0,0,0,1,1,0,1,0,0,0,1,0,0,0,0,0,0,1,1,0,1,0,0,0,1,1,0,0,1,1,0,0,1,1,1,0,0,1,1,0,0,0,,
301,0,0,0,1,0,1,1,1,1,1,0,0,1,0,0,1,1,1,1,1,1,1,1,0,1,0,0,0,1,0,1,1,1,1,1,1,0,1,1,1,1,1,0,0,1,0,,
302,0,0,1,0,1,0,0,1,0,0,0,1,1,1,0,1,0,1,1,0,1,1,0,1,1,0,1,0,0,0,0,1,0,1,0,0,1,0,1,1,1,1,1,1,1,0,,
303,1,1,0,1,0,1,0,0,0,0,1,0,0,0,1,0,0,0,1,0,0,1,1,0,0,0,0,0,1,1,1,0,0,1,0,1,1,1,0,1,0,0,1,1,0,1,,
304,0,0,1,1,1,0,1,0,1,1,1,0,1,0,1,0,1,0,1,0,1,0,1,1,0,1,0,1,1,0,0,0,1,0,0,0,1,0,0,1,0,1,0,0,1,0,,
305,0,0,1,1,0,0,1,1,1,1,1,0,1,0,0,1,1,0,0,0,1,0,0,0,0,1,0,0,1,0,1,0,0,1,0,1,0,1,1,1,1,0,0,1,1,0,,
306,0,0,1,1,1,1,0,1,1,1,0,1,1,0,1,1,1,0,0,0,0,1,0,1,0,1,0,0,1,1,0,1,0,1,0,1,0,1,0,0,0,0,1,1,1,1,,
307,1,0,1,0,0,1,1,1,0,0,1,1,1,1,0,0,0,0,1,0,0,1,1,0,0,0,0,1,0,0,1,0,1,0,1,0,1,1,0,1,0,1,0,1,0,0,,
308,1,1,0,1,1,1,1,1,1,1,1,1,0,0,1,1,1,0,0,1,0,0,0,0,1,0,0,0,1,1,0,0,1,0,1,0,0,0,1,1,0,1,0,0,0,1,,
309,0,1,0,1,0,0,1,1,0,1,1,1,0,0,0,0,1,1,0,0,1,1,0,0,0,1,0,0,1,0,0,1,1,1,1,1,0,0,1,0,0,0,0,1,0,0,,
310,0,1,0,1,0,0,1,1,1,0,1,1,1,1,0,1,0,0,1,1,0,1,0,0,0,0,0,1,1,0,1,1,0,1,0,1,1,0,0,0,0,1,1,0,0,0,,
311,1,0,1,1,0,0,1,0,0,0,0,0,0,0,1,1,1,0,1,1,1,1,0,1,0,1,0,1,1,1,1,0,1,1,0,0,1,1,1,0,1,1,0,1,1,1,,
312,0,1,0,1,0,1,1,1,1,0,0,1,0,1,0,0,0,0,0,0,1,1,1,0,1,1,1,1,1,1,1,1,1,0,1,0,1,0,0,1,0,0,1,1,1,0,,
313,0,1,0,0,0,0,0,1,1,1,1,0,0,1,0,0,0,1,1,0,0,1,0,0,0,0,1,0,1,1,0,1,1,1,1,1,0,1,1,0,0,1,1,0,1,0,,
314,0,0,1,1,1,1,1,0,1,0,1,1,1,1,1,0,1,1,1,0,0,0,0,0,1,0,0,0,0,1,1,1,1,0,0,0,1,0,0,0,0,0,0,1,1,0,,
315,1,0,1,1,1,1,0,0,1,0,1,0,0,1,0,0,0,1,0,0,1,0,0,1,0,1,1,1,0,1,0,0,1,1,0,0,1,0,0,0,1,0,1,0,1,1,,
316,1,0,0,0,0,1,1,0,0,0,1,1,0,0,0,0,0,0,1,1,0,0,0,0,1,0,0,1,0,0,0,0,0,1,0,1,1,1,0,0,0,1,1,1,1,1,,
317,0,1,1,1,1,0,1,1,1,0,1,0,1,0,1,0,0,1,1,0,0,1,0,1,0,0,0,0,0,0,1,1,1,1,0,0,0,1,0,1,1,0,0,1,0,0,,
318,1,1,0,0,1,0,1,0,0,1,1,1,1,1,0,1,0,1,0,1,1,0,1,1,0,1,1,1,1,0,1,1,0,1,1,1,1,1,1,1,1,0,1,0,0,0,,
319,0,1,1,1,1,0,0,0,1,1,0,1,1,0,0,0,1,1,0,0,0,0,0,0,0,0,0,1,1,0,1,1,1,1,1,0,0,0,0,1,0,1,0,1,1,0,,
320,0,0,0,0,1,0,1,0,1,0,1,1,0,1,1,1,1,1,0,0,1,1,1,1,0,0,0,1,1,1,0,0,1,0,1,0,1,0,1,0,0,0,1,1,0,0,,
321,0,1,1,0,1,0,0,1,1,0,1,0,1,0,0,1,0,1,1,0,0,0,1,0,0,0,1,0,0,1,1,0,1,0,0,1,1,0,0,0,0,1,1,0,1,1,,
322,1,1,0,1,0,0,0,1,0,0,1,0,1,0,1,0,0,1,0,0,1,1,0,0,1,1,0,0,0,0,1,0,0,0,1,1,1,0,0,0,0,0,1,0,0,1,,
323,0,0,0,0,1,0,1,1,0,0,0,0,0,1,0,1,0,1,0,0,1,0,0,1,1,0,1,1,0,0,0,1,1,1,1,1,1,1,0,0,1,1,0,1,0,0,,
324,0,0,1,0,0,1,0,0,0,0,0,1,0,0,1,0,1,0,1,1,1,0,0,1,0,1,0,1,0,1,0,1,0,1,0,1,1,0,1,0,0,1,1,1,0,1,,
325,0,1,1,1,1,1,1,1,0,0,1,0,0,1,1,1,1,1,0,1,0,1,0,1,0,0,0,0,1,1,1,0,1,0,1,1,0,0,0,0,0,1,0,1,1,0,,
326,0,1,0,1,1,0,1,1,0,1,1,0,1,1,0,1,0,1,0,0,1,1,1,0,0,0,0,0,0,1,1,0,1,1,1,1,0,0,0,0,1,0,0,1,1,1,,
327,1,1,1,1,1,0,0,0,0,0,0,1,1,0,0,1,1,0,0,0,0,0,0,1,0,0,1,1,0,0,1,1,1,1,0,0,0,0,1,1,0,0,1,0,1,0,,
328,0,1,1,1,1,1,0,1,1,1,1,1,1,1,1,1,1,1,0,1,0,1,0,0,1,1,0,1,1,1,1,1,0,0,0,0,1,1,1,1,1,0,0,1,0,0,,
329,1,1,1,1,0,0,1,0,1,0,1,0,1,0,0,0,0,0,1,0,0,0,0,1,1,0,0,1,1,0,0,1,1,1,0,1,0,1,1,0,0,1,0,1,0,1,,
330,1,0,1,1,1,1,0,1,0,0,0,1,1,0,1,1,1,0,1,0,1,0,1,1,1,1,1,1,0,0,1,1,1,1,1,0,1,0,0,0,1,1,1,1,0,1,,
331,1,1,1,0,1,0,1,0,1,1,1,1,1,0,1,0,1,1,0,1,0,1,1,1,1,0,1,1,1,1,1,0,1,1,0,0,0,1,0,1,1,1,0,0,0,1,,
332,0,1,1,1,1,1,0,1,1,1,0,0,0,0,1,0,0,1,1,0,0,1,1,1,0,1,1,1,0,0,1,0,0,1,1,0,1,1,0,0,1,1,0,0,0,1,,
333,1,1,1,0,1,0,1,0,0,0,0,1,0,1,0,1,1,0,1,1,0,0,1,0,1,0,1,0,1,0,1,1,0,0,0,0,1,0,0,1,0,1,1,1,1,0,,
334,1,0,0,0,0,1,0,0,0,0,0,1,1,1,1,1,0,0,0,0,1,0,1,0,1,0,0,0,1,0,0,1,1,0,1,0,0,0,0,0,1,0,1,0,1,0,,
335,1,0,0,1,0,1,1,1,1,1,1,1,1,1,0,1,1,0,0,1,0,0,0,0,1,0,1,0,1,1,1,0,0,0,0,0,0,0,1,0,1,1,0,0,0,0,,
336,1,0,0,1,0,1,1,1,0,1,0,0,1,1,1,0,1,1,0,0,1,0,0,0,0,1,0,0,0,0,0,0,1,0,0,1,1,1,0,0,1,1,1,0,0,1,,
337,0,0,0,0,0,1,1,1,0,0,0,0,1,0,1,0,0,1,0,1,1,0,1,1,0,1,1,0,1,1,0,1,0,0,1,1,0,1,0,0,1,0,1,0,0,0,,
338,0,0,0,0,1,0,0,0,1,1,0,0,1,0,0,1,1,1,0,0,0,0,1,0,1,1,0,0,0,1,1,1,0,0,1,0,1,0,1,0,1,0,1,0,1,0,,
339,0,1,1,0,1,0,0,1,1,1,0,1,1,1,1,1,1,1,1,0,0,0,1,0,1,1,0,0,1,0,0,1,1,0,0,1,1,0,1,1,0,1,1,0,1,1,,
340,0,1,0,1,0,0,0,1,1,1,1,1,0,0,1,0,1,0,1,1,1,1,0,0,0,1,1,0,0,0,1,0,1,0,1,0,0,1,0,0,1,0,0,1,1,0,,
341,0,1,0,1,1,0,0,1,0,1,0,1,0,1,0,0,0,1,1,0,1,1,0,0,1,1,0,1,0,0,1,0,0,0,1,1,0,1,0,0,0,1,1,1,1,1,,
342,0,1,0,0,1,0,1,1,1,0,0,1,0,0,0,1,0,1,0,0,0,0,1,1,0,1,0,0,1,0,1,1,0,1,1,0,0,0,0,1,0,0,0,1,1,0,,
343,1,0,1,0,1,1,1,1,1,0,0,0,0,1,1,1,1,1,1,1,1,1,0,1,1,1,0,0,1,0,1,0,0,1,1,0,0,0,1,1,0,1,1,1,0,0,,
344,1,0,0,1,0,0,1,1,0,0,0,0,0,1,0,1,0,0,1,0,0,1,0,0,1,0,1,0,0,1,0,1,0,1,1,1,1,0,1,0,1,0,1,1,0,1,,
345,0,0,1,0,0,0,1,0,0,1,0,1,0,0,1,0,1,1,1,0,0,0,0,1,0,1,0,0,0,0,1,1,1,1,1,0,1,0,0,1,0,0,1,0,1,1,,
346,1,1,1,1,0,0,0,1,1,0,0,0,0,0,1,1,0,0,0,1,0,1,0,0,0,0,1,0,1,0,0,0,1,1,1,0,0,1,0,1,0,1,0,1,0,1,,
347,0,0,0,1,0,0,1,0,0,0,0,1,1,0,1,1,0,0,1,0,1,0,1,0,0,1,0,0,1,0,1,0,1,0,0,1,0,1,0,1,0,0,1,0,1,1,,
348,0,0,1,0,1,1,0,0,0,1,1,1,1,1,1,0,0,1,1,0,0,1,0,1,0,0,1,0,1,1,1,0,1,0,0,1,0,0,1,0,0,0,1,0,1,1,,
349,0,0,0,0,0,0,1,1,1,0,1,0,1,1,0,1,0,0,1,1,0,0,0,1,0,0,0,1,0,0,1,1,0,1,1,0,1,0,1,1,1,0,0,1,0,1,,
350,1,1,1,0,0,0,1,0,0,1,1,0,1,1,0,0,0,0,0,1,0,0,0,1,1,1,1,0,1,1,1,0,1,0,0,0,1,0,0,1,1,0,0,0,0,0,,
351,0,0,0,1,0,1,0,0,0,1,1,1,0,1,0,1,1,0,0,0,0,1,1,1,1,0,1,1,0,1,1,0,1,0,0,1,0,1,1,1,0,1,1,1,1,0,,
352,0,1,0,1,1,1,0,1,0,0,0,1,1,1,0,0,0,0,1,0,0,0,0,1,1,1,1,1,1,0,0,1,1,0,0,0,1,1,1,0,0,1,0,1,0,1,,
353,1,0,0,1,1,1,0,1,1,1,1,0,0,1,0,1,0,1,1,0,1,1,0,0,0,1,0,0,0,1,1,0,0,0,1,1,1,0,1,0,1,0,1,1,1,0,,
354,0,0,1,0,0,1,0,0,0,0,1,0,0,1,1,0,1,0,1,1,1,0,1,0,1,1,1,0,0,0,1,1,1,1,0,0,0,1,1,0,0,1,1,1,1,0,,
355,1,1,0,0,1,1,1,1,1,1,0,1,0,1,1,1,1,0,0,0,0,0,0,0,1,1,0,1,0,0,0,0,0,0,1,1,1,0,1,0,0,1,1,1,0,0,,
356,0,0,0,1,1,0,0,0,0,1,1,0,0,1,1,1,1,0,0,0,0,0,0,1,0,1,1,0,1,0,1,0,0,0,0,0,0,1,0,1,1,1,0,1,1,1,,
357,1,0,1,1,1,0,0,1,1,1,0,1,1,0,1,1,0,0,0,0,1,1,1,0,1,0,0,0,0,0,0,0,1,1,0,1,0,1,1,1,0,0,0,1,0,0,,
358,0,0,1,1,0,0,1,1,1,1,1,0,1,1,0,1,0,1,0,1,1,1,1,0,0,1,1,0,1,0,0,0,0,1,1,0,0,0,0,1,1,0,1,1,1,0,,
359,1,1,1,0,1,0,1,1,1,0,0,1,1,1,1,0,1,1,1,1,1,0,1,1,1,0,1,1,0,1,1,1,0,1,1,0,0,1,1,1,0,1,0,1,0,0,,
360,0,1,0,0,1,1,0,1,1,0,0,1,0,0,0,1,1,1,1,0,0,1,1,1,0,1,0,1,0,0,0,1,1,0,1,1,0,0,0,0,1,1,0,1,0,0,,
361,1,1,0,0,0,1,0,1,0,1,0,0,1,1,1,1,0,1,1,0,1,1,1,1,1,0,0,1,0,1,0,1,0,1,1,1,1,0,1,1,1,1,1,1,0,0,,
362,0,1,1,0,1,1,1,0,1,1,0,1,0,0,1,1,1,1,0,1,1,0,0,1,0,1,0,0,1,0,0,0,1,1,0,0,1,0,1,0,1,0,0,0,1,0,,
363,1,0,0,1,1,0,1,1,1,0,0,1,0,1,0,1,0,0,0,1,1,0,0,0,1,1,1,0,0,0,0,0,1,1,1,1,1,1,0,1,1,0,0,0,0,0,,
364,1,0,1,1,1,0,0,0,0,1,1,1,1,0,1,0,0,0,1,1,0,0,0,0,0,1,1,0,1,0,0,1,1,0,0,1,0,1,1,0,1,0,1,1,0,1,,
365,0,0,1,1,1,1,0,1,1,1,1,1,0,1,0,0,1,1,1,1,1,0,1,0,1,1,0,1,0,0,0,1,0,1,1,1,0,1,1,0,0,1,1,0,0,0,,
366,0,1,1,0,0,0,0,0,1,0,0,0,0,0,0,0,1,1,0,0,1,1,0,1,1,0,0,1,0,1,0,1,1,0,0,0,1,1,1,1,0,1,0,1,0,0,,
367,1,0,1,0,1,0,0,1,0,1,0,0,1,0,1,0,0,0,1,0,1,0,0,1,1,0,0,0,1,0,1,0,0,0,1,1,1,0,1,0,1,1,1,1,1,1,,
368,1,0,0,1,1,1,0,1,0,1,0,0,0,0,1,1,1,0,1,1,1,0,1,0,1,1,1,1,1,1,0,1,0,1,1,0,1,0,0,0,0,0,1,0,0,0,,
369,1,1,0,1,0,0,0,1,1,0,0,0,0,1,1,1,1,0,0,0,0,1,0,1,1,1,1,1,0,0,0,0,0,1,0,1,0,1,1,1,0,0,1,0,1,0,,
370,1,1,1,1,0,1,1,1,1,1,0,0,0,0,1,1,0,1,1,0,1,1,1,0,1,1,0,1,0,0,0,0,1,1,0,0,0,1,0,0,1,0,0,0,0,1,,
371,0,1,0,0,0,0,0,1,1,0,0,1,1,0,1,1,1,0,1,0,1,0,1,0,0,0,1,0,1,1,1,1,1,1,1,0,0,1,1,1,0,0,0,0,0,0,,
372,1,0,0,1,1,0,0,0,0,0,0,1,0,0,1,1,1,1,1,1,1,0,1,1,0,0,1,1,0,0,1,1,0,0,0,1,0,0,0,1,0,1,1,1,0,0,,
373,0,1,0,0,1,1,1,0,0,1,1,0,1,0,0,1,0,0,1,0,1,0,1,0,1,1,1,1,0,0,0,1,0,1,1,1,0,0,0,0,1,1,0,1,0,0,,
374,0,1,0,1,1,1,1,1,1,0,1,1,0,1,1,1,0,1,1,1,1,1,0,1,0,0,0,1,0,0,1,0,1,1,1,1,0,1,0,1,1,1,1,0,0,0,,
375,1,0,0,1,1,0,0,0,1,0,1,0,0,0,0,0,0,1,1,1,1,1,0,0,0,0,1,0,1,0,0,1,0,0,1,0,1,1,1,0,1,1,0,0,1,1,,
376,1,0,1,1,0,0,0,1,0,1,0,1,1,1,1,0,0,1,1,1,1,0,0,1,1,0,1,1,0,0,0,0,0,1,0,1,1,1,1,1,0,1,0,0,1,0,,
377,1,0,0,0,0,1,1,0,0,0,0,1,0,1,1,1,1,0,1,0,1,1,1,1,1,0,1,0,1,0,1,1,0,1,0,0,1,0,1,0,0,1,1,0,0,0,,
378,0,1,1,0,1,1,1,1,1,1,0,0,0,1,1,0,0,0,1,1,0,1,0,1,0,0,0,0,0,0,0,1,0,1,0,1,0,1,1,1,1,0,0,1,1,1,,
379,0,0,0,0,0,0,0,1,0,1,0,1,0,1,0,0,0,0,0,0,0,1,1,0,1,1,0,0,1,1,1,0,1,0,0,0,0,0,1,0,0,1,0,1,1,1,,
380,1,0,0,0,1,0,1,0,0,0,1,0,1,1,1,0,0,0,0,1,0,1,0,1,0,0,0,1,0,0,0,1,1,1,1,1,1,1,1,1,0,1,1,0,0,1,,
381,1,0,1,1,0,1,0,0,1,1,0,0,0,0,1,0,1,1,1,1,1,1,1,0,0,1,1,1,0,1,0,1,0,0,0,1,1,1,1,1,0,0,1,1,1,0,,
382,0,0,1,1,1,1,1,1,0,1,1,1,0,1,0,1,1,0,0,0,1,0,1,1,1,0,1,1,0,1,0,1,1,1,0,1,1,1,1,1,1,1,0,1,1,1,,
383,1,1,0,0,1,1,0,0,0,1,1,1,1,0,0,0,1,0,1,0,1,0,1,1,0,0,0,1,1,1,1,0,0,1,0,0,1,1,1,1,1,0,1,0,0,1,,
384,0,1,1,0,1,1,0,0,1,1,0,0,1,0,0,0,1,0,1,0,0,0,1,1,1,0,1,1,1,1,1,1,1,1,0,1,1,1,0,0,1,0,0,0,1,0,,
385,0,0,1,0,1,0,1,1,1,0,0,1,1,1,1,1,0,1,0,1,0,1,1,1,0,1,1,0,1,1,1,1,0,1,1,1,1,1,0,0,1,1,1,0,1,0,,
386,1,0,1,1,1,0,1,1,1,0,1,0,1,1,1,0,0,1,0,1,0,1,1,1,1,1,1,0,0,1,0,1,1,0,1,1,0,0,1,1,0,1,1,0,1,0,,
387,0,0,0,1,0,0,0,1,0,0,1,0,0,0,0,0,1,1,1,0,0,1,0,1,1,0,1,0,0,0,1,0,1,1,1,0,0,0,0,0,0,1,1,0,0,1,,
388,0,0,1,0,1,0,0,0,1,0,0,1,0,1,0,1,1,1,0,1,0,1,1,0,0,0,0,1,1,1,0,1,1,1,0,0,0,1,1,0,1,1,0,0,0,1,,
389,1,1,0,0,0,1,0,0,1,1,0,1,1,1,1,0,1,0,0,1,1,1,1,1,0,1,1,0,1,1,0,1,1,0,0,0,1,1,0,1,0,1,0,1,0,1,,
390,0,1,1,1,1,1,0,1,0,0,0,1,0,0,0,1,1,0,0,0,0,1,0,0,1,0,0,1,0,0,0,1,0,0,1,1,0,0,1,1,1,1,1,0,1,1,,
391,0,0,1,0,0,1,0,1,1,1,1,1,1,0,1,1,1,0,0,0,0,1,0,0,1,1,1,0,1,0,1,0,1,0,1,1,1,1,1,1,1,0,0,1,1,0,,
392,0,0,0,0,0,1,1,1,1,0,1,1,1,1,0,1,0,1,1,0,1,0,1,1,1,0,1,0,1,0,0,1,1,0,1,0,1,1,1,1,0,1,1,0,1,1,,
393,0,0,0,1,0,0,0,0,0,1,0,0,1,0,1,0,0,0,1,1,0,0,0,0,1,1,1,0,1,1,1,1,0,0,0,0,1,0,1,1,0,1,0,1,1,0,,
394,0,0,1,0,0,1,1,1,0,0,1,0,1,0,0,1,1,0,1,0,1,1,0,1,0,1,0,1,1,0,0,1,0,0,1,0,0,0,0,1,0,0,0,1,0,1,,
395,0,1,0,1,1,1,1,1,1,0,1,1,1,0,0,0,1,1,0,1,1,1,0,1,1,1,1,0,1,1,1,0,0,0,0,0,0,0,1,1,0,1,0,0,0,0,,
396,0,1,0,0,1,0,0,1,1,1,1,1,1,1,0,0,0,0,1,1,1,1,1,1,0,1,0,1,0,1,1,0,0,1,0,1,1,0,0,0,1,1,0,0,0,0,,
397,0,1,0,0,0,0,0,0,0,0,1,0,1,1,1,0,1,0,0,0,0,0,0,0,1,1,1,1,1,1,1,1,1,1,1,1,0,0,1,1,1,0,1,1,1,0,,
398,1,0,1,1,1,1,0,0,0,0,1,1,1,0,1,0,0,1,0,0,0,1,1,1,1,0,1,0,1,1,1,0,0,1,1,0,0,1,0,1,0,1,0,1,1,1,,
399,0,0,1,0,0,1,1,0,1,1,0,1,1,0,0,1,1,0,0,1,1,0,1,1,1,1,0,0,1,0,1,1,0,0,0,1,1,0,0,0,0,0,0,0,0,0,,
400,1,0,0,0,0,0,1,1,0,1,1,0,0,1,0,0,1,0,1,0,1,1,1,0,1,1,1,1,0,1,0,1,0,1,0,0,0,0,0,0,0,1,0,0,1,0,,
401,1,0,1,0,1,0,1,1,1,1,1,0,1,1,1,0,1,0,1,1,1,0,1,0,1,0,1,0,0,1,1,0,0,0,0,0,0,0,0,0,1,1,0,0,0,0,,
402,0,0,0,1,0,1,0,0,1,1,0,0,1,1,0,0,0,0,1,1,1,0,1,0,0,1,0,1,1,0,1,1,0,0,0,0,0,0,1,1,0,1,1,0,0,0,,
403,1,0,1,0,1,1,1,1,0,0,1,1,0,0,1,1,0,0,1,0,1,1,1,0,1,0,1,0,1,1,0,0,0,0,1,0,1,1,0,0,0,0,0,0,0,1,,
404,1,1,1,1,1,1,1,0,1,1,1,0,0,0,0,1,0,0,1,1,0,1,0,1,1,0,1,0,0,0,0,0,1,0,1,0,0,0,1,1,0,1,0,0,0,1,,
405,1,0,0,1,1,0,0,1,0,0,1,1,1,0,0,0,0,1,0,1,1,1,1,1,1,1,0,1,1,0,0,0,1,0,1,0,1,0,0,0,1,0,1,1,0,1,,
406,1,1,1,0,0,0,1,1,1,1,0,1,1,1,1,0,0,0,1,1,1,1,0,0,1,1,0,0,0,0,0,0,0,0,1,1,1,1,1,1,1,0,1,0,1,0,,
407,1,0,0,1,0,0,1,1,1,0,0,1,1,0,1,1,1,0,1,0,1,1,0,0,0,1,1,1,1,0,1,0,1,1,1,1,1,1,1,0,1,1,1,1,1,0,,
408,1,0,0,0,1,0,1,0,0,0,0,0,1,0,1,1,0,1,0,1,0,1,1,1,0,0,1,1,1,0,1,1,0,1,0,1,0,0,0,1,0,0,0,0,1,1,,
409,1,1,0,0,1,0,0,1,0,0,0,0,0,0,1,0,0,1,0,0,0,0,1,0,1,0,0,0,0,1,1,1,0,0,0,0,0,1,0,1,1,0,0,0,1,0,,
410,0,0,0,0,0,0,0,0,0,0,0,1,0,0,1,1,0,1,0,0,1,0,1,0,1,1,1,1,0,0,0,1,1,0,1,1,0,1,1,0,1,0,1,0,0,1,,
411,0,1,0,0,1,1,0,0,0,1,0,1,0,0,1,1,1,0,1,0,0,1,1,0,1,1,1,0,1,1,0,1,0,1,0,0,1,0,1,0,1,1,0,1,1,0,,
412,1,0,0,0,1,1,1,0,1,1,1,1,1,1,0,0,1,1,0,0,1,1,0,1,0,0,0,0,0,0,1,0,1,1,0,0,1,1,1,1,1,0,0,0,1,1,,
413,0,0,0,0,0,0,1,0,1,0,0,0,1,0,0,0,1,0,1,0,0,0,0,0,1,1,0,0,1,1,0,0,0,0,1,0,1,0,0,1,1,0,1,1,0,0,,
414,1,1,1,0,1,0,1,1,1,1,1,1,0,1,1,1,1,1,1,1,1,1,1,0,0,1,1,0,1,1,1,1,1,1,1,1,1,0,1,0,0,1,0,0,0,0,,
415,1,0,0,0,0,1,0,1,0,1,1,1,0,0,0,0,1,0,1,0,1,0,1,0,1,0,1,1,0,0,0,0,0,1,1,0,1,1,1,1,0,1,0,1,0,0,,
416,0,0,1,1,1,0,1,1,1,0,1,1,0,1,0,0,1,0,0,0,1,0,1,1,1,1,0,0,1,0,1,0,0,1,0,0,0,0,0,1,0,1,0,0,1,1,,
417,1,0,1,0,1,1,0,1,0,1,0,0,0,1,0,0,1,1,1,0,1,0,1,1,0,0,0,1,1,0,0,1,0,0,0,1,0,1,0,1,0,0,0,0,1,0,,
418,0,1,1,1,0,0,0,0,1,1,0,1,1,0,1,1,0,1,0,1,1,0,1,0,0,1,1,0,1,0,0,1,0,0,0,0,0,0,1,0,1,1,0,0,1,1,,
419,0,1,1,1,0,1,1,0,0,1,1,1,0,0,0,0,1,1,1,1,0,1,1,0,1,1,0,1,1,1,1,0,1,0,0,0,0,0,1,0,0,1,0,1,0,1,,
420,0,0,1,0,1,0,0,1,1,1,1,1,1,1,0,0,0,1,0,0,0,0,0,0,0,0,1,1,1,0,1,1,1,0,1,0,1,1,0,1,1,1,1,1,0,1,,
421,0,0,0,0,1,0,0,1,1,0,0,1,0,0,1,1,0,1,1,1,0,0,1,1,0,0,0,0,1,1,0,1,1,0,0,1,0,0,0,1,0,0,1,1,1,1,,
422,1,0,1,0,0,0,1,1,1,1,0,1,0,1,1,1,1,1,1,0,1,0,0,0,1,1,0,0,1,1,1,0,1,1,0,0,1,1,1,0,0,1,0,1,1,0,,
423,1,1,1,0,1,0,1,1,0,0,1,1,0,1,1,0,0,0,0,0,1,1,1,1,1,0,1,0,1,1,0,1,0,1,1,1,0,1,1,1,1,0,1,0,0,1,,
424,0,1,1,0,0,1,0,1,0,0,0,0,1,1,1,1,1,0,0,1,1,1,0,1,0,0,1,0,0,1,0,0,0,0,1,0,0,0,0,1,0,1,1,0,1,0,,
425,1,1,1,0,0,1,1,1,0,0,0,1,0,0,1,1,0,0,0,1,0,1,1,1,0,0,1,0,0,1,0,1,1,1,0,1,0,1,0,0,1,0,0,0,0,1,,
426,0,1,1,1,1,0,0,0,0,1,1,0,0,1,0,0,0,0,0,1,1,1,0,1,1,0,0,0,1,1,1,0,0,0,1,1,0,1,0,0,0,1,0,0,0,0,,
427,0,0,1,1,1,1,0,0,0,1,1,0,1,0,0,0,1,1,1,1,0,0,1,0,1,0,0,0,0,1,1,0,1,0,0,0,0,0,1,0,0,1,0,0,1,1,,
428,1,0,1,0,0,1,0,1,0,0,0,1,1,0,1,1,0,0,0,0,0,1,0,1,0,0,0,1,1,1,1,1,0,1,0,0,0,0,0,0,1,0,0,1,1,0,,
429,1,0,1,0,1,0,0,0,1,1,1,1,1,0,1,1,1,0,1,1,1,1,1,1,0,1,1,1,1,1,0,0,0,1,1,0,0,1,1,1,1,1,1,0,1,1,,
430,1,0,1,1,1,0,1,1,1,0,1,0,1,1,0,1,0,0,1,1,1,1,1,0,1,1,1,0,0,1,1,1,0,1,0,0,0,0,1,1,0,1,1,1,1,0,,
431,1,0,0,1,0,0,1,1,0,0,1,0,0,0,1,0,1,0,0,0,0,1,1,0,1,1,1,0,0,0,1,1,0,1,1,1,0,1,0,1,0,1,0,0,0,1,,
432,1,0,1,0,1,0,0,0,1,0,0,1,1,1,1,0,0,1,1,0,0,1,1,0,1,0,1,1,1,0,1,1,1,1,0,1,1,0,0,0,1,1,0,0,1,1,,
433,0,1,1,1,0,1,0,0,1,0,1,0,0,0,0,0,0,0,0,1,1,0,0,0,0,1,0,0,0,0,0,1,1,1,0,0,0,0,0,0,0,1,0,0,1,1,,
434,0,0,1,1,0,1,0,0,1,1,1,0,0,0,0,0,1,0,1,0,1,1,0,0,1,1,1,1,1,1,0,0,0,1,0,0,1,1,0,1,1,1,1,1,0,0,,
435,0,0,1,0,1,0,1,0,0,1,0,0,1,0,1,1,0,0,0,1,1,1,1,1,0,1,0,1,0,1,1,0,0,0,0,0,1,0,0,0,0,0,0,0,0,1,,
436,1,0,0,1,1,1,0,0,0,1,1,0,1,1,1,1,0,0,1,1,0,1,0,1,1,0,0,1,0,0,0,0,1,1,0,1,0,0,1,0,0,0,0,1,0,1,,
437,0,1,0,1,0,1,1,0,0,0,0,0,1,1,0,1,0,1,0,0,1,0,0,0,1,0,0,0,1,0,0,0,0,0,0,0,0,1,1,1,1,1,1,1,1,1,,
438,1,0,0,0,0,0,1,1,1,1,0,1,1,1,1,0,0,1,1,1,1,0,0,1,1,0,0,1,0,0,0,1,1,1,0,0,1,0,1,1,0,0,0,0,0,1,,
439,1,1,0,1,0,0,0,1,1,1,0,0,0,0,0,0,0,1,0,1,1,0,1,0,1,1,1,0,1,0,0,1,1,0,0,0,1,1,1,0,1,0,1,1,1,1,,
440,0,1,1,0,0,1,0,0,1,0,0,1,1,0,0,1,1,0,0,0,1,1,0,1,0,0,0,0,0,1,0,0,1,0,0,0,0,1,0,0,0,0,1,0,0,0,,
441,0,1,0,1,0,0,1,0,0,1,1,0,0,1,1,0,0,1,0,1,0,0,0,0,1,1,0,0,0,1,1,0,1,0,1,0,1,1,1,0,1,0,1,1,1,0,,
442,0,1,0,1,0,1,0,1,0,0,0,0,1,0,0,0,0,0,1,0,0,1,1,1,0,0,0,0,1,1,0,1,1,1,0,1,1,0,0,0,0,0,0,1,1,0,,
443,0,1,0,0,0,1,1,0,0,0,1,1,1,1,1,1,0,1,1,1,1,0,1,0,1,0,1,0,1,0,0,1,1,0,1,0,0,1,0,0,0,1,1,1,0,0,,
444,0,1,0,0,0,0,1,0,1,1,1,1,0,1,0,0,0,0,1,0,1,1,1,1,0,1,0,0,1,1,0,1,1,0,0,1,1,0,1,0,0,1,0,1,0,0,,
445,0,1,0,1,1,1,1,1,1,0,0,1,0,0,0,0,1,0,0,0,0,0,0,0,1,1,1,1,0,1,0,1,0,1,1,0,0,1,0,1,1,0,0,0,0,1,,
446,1,1,1,0,1,1,0,0,0,0,0,0,0,0,0,0,1,0,1,0,1,0,0,0,0,0,0,0,0,1,0,0,0,0,1,0,1,1,0,1,0,1,0,1,0,0,,
447,1,1,1,0,0,0,0,1,1,0,1,1,0,0,1,1,0,1,1,1,0,0,0,1,1,1,1,0,0,1,0,1,1,1,1,1,1,1,0,1,0,1,0,0,1,1,,
448,0,1,0,1,0,1,1,1,1,1,1,0,0,1,0,1,0,0,1,1,0,1,0,1,1,1,1,1,1,1,1,0,0,1,1,0,1,0,0,0,0,0,0,0,0,1,,
449,0,0,0,0,0,0,0,0,0,1,1,1,1,0,0,0,0,1,0,0,0,1,0,1,1,0,1,0,0,1,1,1,1,1,0,0,0,0,0,1,1,0,1,1,0,1,,
450,0,0,1,1,0,1,0,1,0,1,1,0,1,0,0,1,0,0,0,0,1,0,1,0,0,0,1,0,1,0,1,0,1,1,1,0,1,0,0,1,0,0,1,0,1,0,,
451,1,0,1,1,1,1,0,0,1,1,0,1,0,1,1,0,1,1,0,0,0,1,0,0,1,0,1,0,0,0,1,1,0,1,1,0,1,0,1,1,0,0,1,0,0,1,,
452,1,0,0,1,1,0,0,1,1,0,0,0,0,0,1,1,0,1,0,0,0,1,1,1,0,1,0,1,0,0,1,1,0,0,1,0,0,0,1,1,1,0,1,1,0,1,,
453,1,0,0,0,1,1,1,0,1,1,1,0,0,0,1,0,0,0,0,1,0,0,1,1,0,1,1,1,0,1,0,1,0,0,1,1,0,1,0,1,0,0,0,1,1,1,,
454,1,0,0,0,0,1,1,1,1,1,1,1,0,0,1,0,0,0,0,1,1,1,1,0,0,0,0,1,1,1,1,0,1,1,0,0,0,1,1,1,1,0,0,1,0,1,,
455,1,0,1,0,0,0,0,0,1,1,0,0,1,1,0,1,1,0,0,1,1,0,0,0,0,1,1,1,1,1,1,0,1,0,1,1,0,0,0,1,0,1,0,1,1,0,,
456,0,1,1,1,1,1,1,1,0,1,1,1,0,1,0,0,1,0,0,1,1,0,0,0,0,1,1,0,0,0,1,0,1,1,0,1,1,1,0,1,1,0,1,1,0,0,,
457,0,0,0,1,0,1,1,0,1,0,0,0,1,0,0,0,1,1,0,1,0,1,0,0,1,0,0,1,1,1,1,0,1,1,1,1,0,0,1,0,0,0,1,1,1,1,,
458,0,0,1,0,1,1,0,1,1,0,0,0,0,1,1,1,0,0,1,1,1,1,0,0,0,0,0,0,1,1,0,0,1,1,1,0,0,0,0,1,0,0,0,0,0,0,,
459,1,1,1,0,1,0,0,1,1,0,1,0,0,1,0,1,0,1,0,1,1,0,1,1,0,1,1,1,1,0,1,0,0,0,0,0,1,0,1,1,0,1,1,1,1,0,,
460,0,0,0,0,1,0,0,0,1,1,1,0,0,1,0,0,0,1,1,0,1,1,0,1,1,1,0,0,1,0,1,0,1,1,1,1,0,0,0,1,0,0,0,0,0,0,,
461,0,1,1,0,1,0,1,0,1,0,1,1,0,1,1,0,0,1,0,1,1,1,1,0,1,1,0,1,1,0,0,0,1,0,0,1,1,0,1,1,0,0,1,0,0,1,,
462,0,0,0,0,0,0,1,0,0,0,1,1,1,1,1,0,0,1,0,0,1,0,0,0,0,0,1,1,1,1,0,1,1,0,0,1,1,1,0,0,0,0,0,1,0,1,,
463,1,0,0,1,0,0,0,1,1,1,1,0,1,1,1,1,1,0,0,0,1,1,0,0,1,0,1,0,1,1,1,1,1,1,0,1,0,1,0,1,1,1,0,0,0,1,,
464,0,0,0,0,0,1,0,0,1,1,1,1,0,1,0,1,0,1,1,0,1,0,1,0,0,1,0,1,0,0,0,1,0,1,0,0,0,0,1,1,1,0,0,0,1,0,,
465,0,1,0,1,0,1,0,1,0,1,0,1,0,0,1,1,1,0,1,1,0,1,0,0,0,0,1,1,0,1,0,1,1,0,1,0,1,1,0,1,0,0,1,0,0,0,,
466,0,0,0,1,0,1,0,0,0,1,0,1,1,1,0,1,0,1,0,0,0,0,0,1,1,1,0,1,1,0,1,0,1,0,0,1,0,1,0,0,0,0,1,0,1,1,,
467,1,1,0,0,1,1,1,1,0,1,0,0,0,0,0,0,0,1,0,1,1,1,0,0,0,1,0,0,1,0,0,1,1,1,0,1,0,1,1,0,1,1,0,1,0,0,,
468,1,1,0,0,1,1,1,1,0,1,1,0,0,1,0,1,1,0,1,1,0,0,1,0,0,1,1,1,1,0,1,1,0,1,1,1,1,0,1,0,1,0,0,1,1,1,,
469,1,1,1,1,1,0,1,0,0,0,1,1,0,0,1,1,0,0,0,0,1,0,0,1,0,0,0,1,1,1,1,0,1,0,0,1,0,0,1,0,1,1,1,0,0,1,,
470,1,0,1,1,1,0,1,0,0,0,0,1,1,1,1,0,1,0,0,0,0,1,1,1,0,1,0,0,1,0,0,0,1,0,1,0,0,1,1,1,1,1,0,1,0,0,,
471,1,1,0,1,1,1,1,0,0,1,0,0,1,0,1,1,1,1,0,1,0,1,0,1,1,0,0,1,1,0,0,0,1,0,1,1,0,0,1,0,0,1,0,0,1,1,,
472,1,0,0,0,0,1,0,0,0,1,0,1,0,1,0,0,0,0,1,1,1,1,0,1,1,1,1,1,0,1,1,0,0,0,0,0,0,1,0,0,0,1,0,1,1,1,,
473,0,0,0,0,0,0,1,0,1,0,1,0,0,0,1,0,1,1,1,1,0,1,0,1,0,0,1,1,0,1,0,0,1,0,1,1,1,1,0,0,1,0,0,0,0,0,,
474,0,1,0,0,0,1,1,1,1,1,0,0,0,0,1,1,0,1,0,0,1,0,1,1,1,1,0,1,0,1,1,1,1,0,0,1,1,0,1,0,1,0,1,1,1,0,,
475,1,1,0,1,0,0,1,1,1,0,1,0,1,1,1,1,1,1,0,0,0,0,1,0,0,1,1,1,0,1,1,0,1,0,0,1,1,1,0,0,0,0,0,1,0,0,,
476,1,1,1,1,0,1,1,1,1,0,1,0,1,0,1,0,1,0,0,1,1,0,0,0,0,1,0,1,1,0,1,1,0,0,0,1,1,1,0,0,1,0,1,1,0,1,,
477,0,0,0,1,0,0,1,1,1,0,1,0,0,0,0,1,0,1,0,0,0,0,1,0,0,0,0,0,1,0,1,1,0,0,1,0,0,1,1,0,0,1,1,0,1,0,,
478,0,1,0,1,1,1,0,1,1,1,0,1,1,1,0,1,0,1,1,1,0,1,0,0,0,0,0,1,0,0,0,1,1,0,1,1,0,0,0,0,0,0,1,0,1,0,,
479,1,0,0,0,1,0,1,0,1,1,0,1,0,0,0,0,0,1,1,0,0,1,0,1,1,1,1,1,0,1,0,0,1,1,1,0,1,0,0,1,0,1,0,1,1,1,,
480,1,0,0,0,1,0,0,0,1,0,0,1,0,0,0,0,1,1,0,0,1,1,1,0,1,1,1,1,1,1,1,1,1,1,0,0,0,0,1,1,0,0,0,0,1,1,,
481,0,1,0,1,1,1,1,0,1,0,0,1,1,0,1,0,0,0,0,1,1,1,1,0,0,0,1,1,0,0,1,1,1,1,0,1,0,0,0,1,1,1,0,0,1,1,,
482,0,1,1,0,0,1,1,0,0,1,0,0,0,1,1,1,1,0,1,0,1,1,0,0,1,1,0,0,0,0,1,0,0,1,0,1,0,0,0,1,0,1,1,1,1,1,,
483,1,0,1,0,1,1,1,0,0,1,0,1,1,0,0,0,1,0,1,0,1,0,0,0,1,0,0,0,1,0,0,1,1,1,0,0,1,1,0,1,1,0,0,1,1,1,,
484,0,1,0,1,1,0,0,1,1,0,1,0,0,0,0,1,0,0,0,0,0,0,1,1,0,1,0,0,0,1,1,0,1,1,1,1,1,0,0,0,0,0,1,0,0,0,,
485,0,1,1,0,1,0,1,1,0,0,1,1,0,0,0,1,0,0,1,0,1,0,1,1,1,0,0,1,1,1,0,0,0,1,0,1,1,1,1,1,0,0,0,0,0,1,,
486,1,1,1,0,0,1,0,0,0,0,1,1,1,1,1,0,0,0,0,0,1,1,1,0,0,1,0,1,1,0,0,1,1,0,0,0,1,0,1,0,1,1,1,0,1,0,,
487,0,1,1,1,1,0,0,1,0,0,1,1,1,1,1,0,1,1,1,0,1,1,1,1,1,1,1,1,0,0,0,1,1,0,1,1,1,1,0,0,1,1,1,1,1,0,,
488,0,1,0,1,1,1,0,0,0,1,0,1,1,0,1,1,0,0,1,1,1,0,1,0,0,1,0,0,1,1,1,1,0,0,0,1,0,0,1,1,1,0,0,0,0,1,,
489,1,1,0,1,0,0,0,0,0,0,0,0,1,1,1,1,1,1,1,0,1,0,0,0,0,0,1,0,0,1,1,1,1,1,0,0,1,0,0,0,1,1,0,0,0,0,,
490,1,0,1,1,0,1,0,1,1,1,0,0,0,1,0,1,0,0,0,0,1,0,0,1,1,1,0,0,0,0,0,0,0,0,0,0,0,0,1,0,1,1,0,1,1,0,,
491,0,1,1,1,0,0,1,0,1,1,1,1,0,0,1,0,0,1,0,0,1,0,1,0,1,0,0,0,0,0,1,0,0,0,0,1,1,0,1,0,1,0,1,1,1,1,,
492,0,1,1,1,0,0,0,0,0,1,0,1,1,1,0,0,1,0,0,0,0,0,0,0,1,1,0,1,0,0,0,1,0,1,0,1,1,1,0,0,1,0,1,1,0,0,,
493,1,1,1,0,1,0,1,1,1,0,1,1,0,0,1,1,1,1,0,1,1,1,0,1,0,1,0,1,1,0,0,1,1,1,1,0,1,0,0,0,0,0,1,0,0,1,,
494,0,0,0,0,0,0,1,0,0,0,0,1,0,0,1,1,0,0,1,0,1,0,0,1,1,1,1,1,1,1,0,1,0,1,0,0,0,1,1,1,0,0,1,1,0,0,,
495,1,1,1,0,1,0,1,0,0,1,0,0,0,0,1,0,0,1,0,0,0,1,0,0,1,0,1,1,0,1,0,0,1,1,0,0,1,1,0,0,1,1,1,1,0,0,,
496,1,1,0,0,1,1,1,0,1,1,0,1,0,1,1,1,1,0,1,1,1,0,1,0,1,0,1,0,1,0,0,0,1,1,0,1,0,1,0,0,0,1,0,0,1,0,,
497,0,0,1,1,0,0,1,1,1,0,1,0,0,0,0,0,1,0,0,0,1,0,0,1,1,1,1,0,1,0,0,1,0,0,1,1,0,0,1,0,0,0,0,1,0,0,,
498,1,1,0,0,1,0,0,0,1,1,0,0,1,1,0,1,0,1,1,1,1,0,0,0,1,0,0,1,1,1,1,1,1,0,1,1,0,1,1,1,1,1,1,1,1,0,,
499,1,0,0,0,0,0,0,0,1,1,0,1,0,0,0,1,0,1,0,1,1,1,1,1,1,0,1,0,0,1,0,1,0,1,0,0,1,1,0,1,0,1,1,0,0,0,,
500,1,0,0,0,0,1,1,0,1,0,0,1,0,1,0,1,1,0,0,0,0,1,0,1,1,0,1,0,1,0,1,1,0,0,0,0,1,1,1,1,0,0,1,1,0,1,,
